contractSymbol,ticker,lastTradeDate,expiryDate,strike,lastPrice,bid,ask,mid,volume,openInterest,impliedVolatility,last close,optionType,yFinance_dividend_yield
WMT230609C00110000,WMT,2023-05-10 16:15:32,2023-06-09,110.0,42.56,39.6,40.1,39.85,1.0,1,1.3007847460937496,149.77999877929688,calls,0.015044287299358671
WMT230609C00130000,WMT,2023-05-18 16:22:12,2023-06-09,130.0,20.8,19.65,20.1,19.875,1.0,2,0.6894562304687502,149.77999877929688,calls,0.015044287299358671
WMT230609C00137000,WMT,2023-05-31 16:13:23,2023-06-09,137.0,10.05,12.65,13.25,12.95,0.0,2,0.523442265625,149.77999877929688,calls,0.015044287299358671
WMT230609C00138000,WMT,2023-06-01 17:31:39,2023-06-09,138.0,9.89,11.65,12.1,11.875,0.0,1,0.5639692041015626,149.77999877929688,calls,0.015044287299358671
WMT230609C00140000,WMT,2023-06-06 17:34:25,2023-06-09,140.0,8.95,9.7,10.15,9.925,1.0,52,0.506840869140625,149.77999877929688,calls,0.015044287299358671
WMT230609C00141000,WMT,2023-06-02 17:58:26,2023-06-09,141.0,7.75,8.65,9.1,8.875,3.0,17,0.44824770507812495,149.77999877929688,calls,0.015044287299358671
WMT230609C00142000,WMT,2023-06-02 13:35:55,2023-06-09,142.0,6.8,7.7,8.15,7.925000000000001,1.0,7,0.42676354492187507,149.77999877929688,calls,0.015044287299358671
WMT230609C00143000,WMT,2023-06-05 17:37:15,2023-06-09,143.0,6.91,6.65,7.15,6.9,2.0,10,0.3857483300781249,149.77999877929688,calls,0.015044287299358671
WMT230609C00144000,WMT,2023-06-02 19:40:08,2023-06-09,144.0,5.0,5.7,6.15,5.925000000000001,16.0,16,0.344733115234375,149.77999877929688,calls,0.015044287299358671
WMT230609C00145000,WMT,2023-06-06 19:39:14,2023-06-09,145.0,4.7,4.75,5.15,4.95,71.0,129,0.30225307128906254,149.77999877929688,calls,0.015044287299358671
WMT230609C00146000,WMT,2023-06-06 17:46:25,2023-06-09,146.0,3.01,3.8,4.05,3.925,13.0,314,0.23194127441406248,149.77999877929688,calls,0.015044287299358671
WMT230609C00147000,WMT,2023-06-06 19:47:32,2023-06-09,147.0,3.0,2.96,3.1,3.0300000000000002,21.0,585,0.20117986328124998,149.77999877929688,calls,0.015044287299358671
WMT230609C00148000,WMT,2023-06-06 19:59:42,2023-06-09,148.0,2.14,2.06,2.22,2.14,112.0,5185,0.178719150390625,149.77999877929688,calls,0.015044287299358671
WMT230609C00149000,WMT,2023-06-06 19:58:14,2023-06-09,149.0,1.38,1.32,1.4,1.3599999999999999,930.0,2820,0.1538170556640625,149.77999877929688,calls,0.015044287299358671
WMT230609C00150000,WMT,2023-06-06 19:59:44,2023-06-09,150.0,0.75,0.73,0.78,0.755,1992.0,2315,0.141610146484375,149.77999877929688,calls,0.015044287299358671
WMT230609C00152500,WMT,2023-06-06 19:57:44,2023-06-09,152.5,0.09,0.09,0.11,0.1,3104.0,3290,0.13770393554687502,149.77999877929688,calls,0.015044287299358671
WMT230609C00155000,WMT,2023-06-06 19:59:16,2023-06-09,155.0,0.02,0.01,0.02,0.015,497.0,1323,0.1601646484375,149.77999877929688,calls,0.015044287299358671
WMT230609P00139000,WMT,2023-06-06 19:18:35,2023-06-09,139.0,0.01,0.01,0.02,0.015,31.0,98,0.31641308593749995,149.77999877929688,puts,0.015044287299358671
WMT230609P00140000,WMT,2023-06-06 18:54:32,2023-06-09,140.0,0.02,0.01,0.02,0.015,53.0,204,0.2890696093749999,149.77999877929688,puts,0.015044287299358671
WMT230609P00141000,WMT,2023-06-06 19:42:37,2023-06-09,141.0,0.02,0.02,0.03,0.025,23.0,279,0.27930408203124996,149.77999877929688,puts,0.015044287299358671
WMT230609P00142000,WMT,2023-06-06 17:43:20,2023-06-09,142.0,0.05,0.02,0.03,0.025,81.0,568,0.2500075,149.77999877929688,puts,0.015044287299358671
WMT230609P00143000,WMT,2023-06-06 19:13:32,2023-06-09,143.0,0.04,0.03,0.04,0.035,96.0,440,0.23438265625,149.77999877929688,puts,0.015044287299358671
WMT230609P00144000,WMT,2023-06-06 17:41:18,2023-06-09,144.0,0.07,0.03,0.05,0.04,164.0,667,0.21289849609375,149.77999877929688,puts,0.015044287299358671
WMT230609P00145000,WMT,2023-06-06 19:59:46,2023-06-09,145.0,0.06,0.05,0.06,0.055,95.0,997,0.187508125,149.77999877929688,puts,0.015044287299358671
WMT230609P00146000,WMT,2023-06-06 19:48:01,2023-06-09,146.0,0.08,0.08,0.1,0.09,174.0,632,0.174812939453125,149.77999877929688,puts,0.015044287299358671
WMT230609P00147000,WMT,2023-06-06 19:58:49,2023-06-09,147.0,0.14,0.13,0.16,0.14500000000000002,586.0,735,0.15869981933593752,149.77999877929688,puts,0.015044287299358671
WMT230609P00148000,WMT,2023-06-06 19:55:14,2023-06-09,148.0,0.25,0.24,0.29,0.265,663.0,881,0.14771360107421877,149.77999877929688,puts,0.015044287299358671
WMT230609P00149000,WMT,2023-06-06 19:59:46,2023-06-09,149.0,0.47,0.46,0.5,0.48,564.0,508,0.1333094482421875,149.77999877929688,puts,0.015044287299358671
WMT230609P00150000,WMT,2023-06-06 19:48:24,2023-06-09,150.0,0.85,0.83,0.91,0.87,307.0,655,0.12696185546875,149.77999877929688,puts,0.015044287299358671
WMT230609P00152500,WMT,2023-06-06 16:05:56,2023-06-09,152.5,3.51,2.59,2.89,2.74,5.0,199,0.1562584375,149.77999877929688,puts,0.015044287299358671
WMT230609P00155000,WMT,2023-06-05 17:28:17,2023-06-09,155.0,5.2,4.95,5.45,5.2,33.0,2,0.26807372558593745,149.77999877929688,puts,0.015044287299358671
WMT230609P00157500,WMT,2023-05-24 13:51:45,2023-06-09,157.5,10.9,7.5,7.95,7.725,1.0,0,0.3544986425781249,149.77999877929688,puts,0.015044287299358671
WMT230609P00160000,WMT,2023-06-05 15:35:06,2023-06-09,160.0,9.78,10.0,10.45,10.225,2.0,0,0.43457596679687505,149.77999877929688,puts,0.015044287299358671
WMT230609P00162500,WMT,2023-05-24 13:51:45,2023-06-09,162.5,15.9,12.5,12.9,12.7,1.0,0,0.48438015625,149.77999877929688,puts,0.015044287299358671
WMT230609P00165000,WMT,2023-05-25 13:47:26,2023-06-09,165.0,18.6,15.0,15.4,15.2,1.0,0,0.5546919531250001,149.77999877929688,puts,0.015044287299358671
WMT230609P00170000,WMT,2023-05-18 13:31:45,2023-06-09,170.0,16.85,20.0,20.45,20.225,1.0,0,0.719729365234375,149.77999877929688,puts,0.015044287299358671
WMT230616C00060000,WMT,2023-04-21 18:27:40,2023-06-16,60.0,91.93,89.75,90.45,90.1,1.0,3,2.58594103515625,149.77999877929688,calls,0.015044287299358671
WMT230616C00065000,WMT,2023-03-15 19:04:42,2023-06-16,65.0,74.65,83.4,83.75,83.575,1470.0,0,1.0000000000000003e-05,149.77999877929688,calls,0.015044287299358671
WMT230616C00075000,WMT,2023-03-23 15:50:12,2023-06-16,75.0,66.65,76.2,77.5,76.85,1.0,20,2.9160183349609374,149.77999877929688,calls,0.015044287299358671
WMT230616C00080000,WMT,2023-03-24 16:47:47,2023-06-16,80.0,62.65,71.3,72.45,71.875,5.0,17,2.6943392016601564,149.77999877929688,calls,0.015044287299358671
WMT230616C00085000,WMT,2022-11-11 17:53:06,2023-06-16,85.0,57.75,61.4,62.2,61.8,1.0,10,1.0000000000000003e-05,149.77999877929688,calls,0.015044287299358671
WMT230616C00090000,WMT,2023-04-18 16:22:19,2023-06-16,90.0,60.2,61.05,61.65,61.349999999999994,1.0,2,2.1088914465332027,149.77999877929688,calls,0.015044287299358671
WMT230616C00095000,WMT,2023-03-29 19:35:56,2023-06-16,95.0,49.55,55.7,56.3,56.0,3.0,116,1.8095712646484374,149.77999877929688,calls,0.015044287299358671
WMT230616C00100000,WMT,2023-06-05 15:33:46,2023-06-16,100.0,50.32,49.7,50.25,49.975,1.0,216,1.150394873046875,149.77999877929688,calls,0.015044287299358671
WMT230616C00105000,WMT,2023-05-30 17:11:34,2023-06-16,105.0,41.69,44.65,45.25,44.95,3.0,80,1.0058643457031249,149.77999877929688,calls,0.015044287299358671
WMT230616C00110000,WMT,2023-06-05 19:20:23,2023-06-16,110.0,40.29,39.75,40.25,40.0,3.0,114,0.928711650390625,149.77999877929688,calls,0.015044287299358671
WMT230616C00115000,WMT,2023-06-05 16:20:57,2023-06-16,115.0,35.15,34.75,35.25,35.0,4.0,336,0.8125018749999999,149.77999877929688,calls,0.015044287299358671
WMT230616C00120000,WMT,2023-06-06 13:30:27,2023-06-16,120.0,30.07,29.75,30.25,30.0,3.0,460,0.70117486328125,149.77999877929688,calls,0.015044287299358671
WMT230616C00125000,WMT,2023-06-06 13:30:27,2023-06-16,125.0,25.1,24.8,25.3,25.05,3.0,2652,0.614261669921875,149.77999877929688,calls,0.015044287299358671
WMT230616C00130000,WMT,2023-06-06 14:14:09,2023-06-16,130.0,19.45,19.9,20.3,20.1,10.0,1250,0.5214891601562499,149.77999877929688,calls,0.015044287299358671
WMT230616C00135000,WMT,2023-06-06 17:23:50,2023-06-16,135.0,14.32,14.85,15.3,15.075,1.0,3814,0.46094289062500005,149.77999877929688,calls,0.015044287299358671
WMT230616C00138000,WMT,2023-05-30 15:11:31,2023-06-16,138.0,9.65,11.8,12.4,12.100000000000001,0.0,7,0.407232490234375,149.77999877929688,calls,0.015044287299358671
WMT230616C00139000,WMT,2023-06-06 19:18:43,2023-06-16,139.0,10.8,10.9,11.4,11.15,5.0,5,0.3813538427734374,149.77999877929688,calls,0.015044287299358671
WMT230616C00140000,WMT,2023-06-06 19:17:24,2023-06-16,140.0,9.78,10.0,10.35,10.175,9.0,4674,0.3461979443359374,149.77999877929688,calls,0.015044287299358671
WMT230616C00141000,WMT,2023-06-02 19:52:31,2023-06-16,141.0,8.54,8.9,9.25,9.075,5.0,14,0.301764794921875,149.77999877929688,calls,0.015044287299358671
WMT230616C00143000,WMT,2023-06-05 13:58:19,2023-06-16,143.0,6.97,7.1,7.35,7.225,1.0,43,0.26758544921875,149.77999877929688,calls,0.015044287299358671
WMT230616C00144000,WMT,2023-06-05 16:29:55,2023-06-16,144.0,6.33,6.15,6.35,6.25,58.0,112,0.24073024902343748,149.77999877929688,calls,0.015044287299358671
WMT230616C00145000,WMT,2023-06-06 17:15:03,2023-06-16,145.0,4.95,5.25,5.45,5.35,28.0,6682,0.22705851074218747,149.77999877929688,calls,0.015044287299358671
WMT230616C00146000,WMT,2023-06-06 17:46:25,2023-06-16,146.0,3.54,4.35,4.55,4.449999999999999,12.0,626,0.21021297607421874,149.77999877929688,calls,0.015044287299358671
WMT230616C00147000,WMT,2023-06-06 18:42:20,2023-06-16,147.0,2.98,3.5,3.65,3.575,10.0,609,0.18994950683593753,149.77999877929688,calls,0.015044287299358671
WMT230616C00148000,WMT,2023-06-06 19:55:39,2023-06-16,148.0,2.73,2.71,2.83,2.77,67.0,1245,0.174812939453125,149.77999877929688,calls,0.015044287299358671
WMT230616C00149000,WMT,2023-06-06 19:59:59,2023-06-16,149.0,2.03,1.99,2.09,2.04,171.0,994,0.1615074084472656,149.77999877929688,calls,0.015044287299358671
WMT230616C00150000,WMT,2023-06-06 19:58:48,2023-06-16,150.0,1.44,1.4,1.45,1.4249999999999998,1594.0,10930,0.1500329138183594,149.77999877929688,calls,0.015044287299358671
WMT230616C00152500,WMT,2023-06-06 19:57:45,2023-06-16,152.5,0.44,0.43,0.47,0.44999999999999996,946.0,2572,0.1374597973632813,149.77999877929688,calls,0.015044287299358671
WMT230616C00155000,WMT,2023-06-06 19:59:26,2023-06-16,155.0,0.11,0.1,0.12,0.11,1365.0,16448,0.13672738281250002,149.77999877929688,calls,0.015044287299358671
WMT230616C00157500,WMT,2023-06-06 19:39:12,2023-06-16,157.5,0.03,0.03,0.04,0.035,60.0,194,0.149422568359375,149.77999877929688,calls,0.015044287299358671
WMT230616C00160000,WMT,2023-06-06 19:44:34,2023-06-16,160.0,0.02,0.01,0.03,0.02,2146.0,14400,0.179695703125,149.77999877929688,calls,0.015044287299358671
WMT230616P00125000,WMT,2023-06-06 17:39:02,2023-06-16,125.0,0.02,0.01,0.02,0.015,5.0,8465,0.41797457031249996,149.77999877929688,puts,0.015044287299358671
WMT230616P00130000,WMT,2023-06-06 19:06:45,2023-06-16,130.0,0.03,0.02,0.03,0.025,24.0,6498,0.35156898437499995,149.77999877929688,puts,0.015044287299358671
WMT230616P00134000,WMT,2023-06-06 14:00:45,2023-06-16,134.0,0.05,0.04,0.05,0.045,4.0,19,0.30664755859375,149.77999877929688,puts,0.015044287299358671
WMT230616P00135000,WMT,2023-06-06 19:47:27,2023-06-16,135.0,0.05,0.04,0.05,0.045,20.0,5467,0.2890696093749999,149.77999877929688,puts,0.015044287299358671
WMT230616P00138000,WMT,2023-06-06 18:09:30,2023-06-16,138.0,0.08,0.06,0.07,0.065,10.0,232,0.249030947265625,149.77999877929688,puts,0.015044287299358671
WMT230616P00139000,WMT,2023-06-05 14:14:19,2023-06-16,139.0,0.09,0.07,0.08,0.07500000000000001,2.0,570,0.23633576171874998,149.77999877929688,puts,0.015044287299358671
WMT230616P00140000,WMT,2023-06-06 19:59:05,2023-06-16,140.0,0.09,0.08,0.1,0.09,239.0,9744,0.22657023437499998,149.77999877929688,puts,0.015044287299358671
WMT230616P00141000,WMT,2023-06-06 18:36:53,2023-06-16,141.0,0.12,0.1,0.12,0.11,39.0,313,0.2148516015625,149.77999877929688,puts,0.015044287299358671
WMT230616P00142000,WMT,2023-06-06 19:00:00,2023-06-16,142.0,0.15,0.12,0.14,0.13,40.0,454,0.20117986328124998,149.77999877929688,puts,0.015044287299358671
WMT230616P00143000,WMT,2023-06-06 19:31:01,2023-06-16,143.0,0.18,0.15,0.17,0.16,97.0,152,0.188484677734375,149.77999877929688,puts,0.015044287299358671
WMT230616P00144000,WMT,2023-06-06 18:03:10,2023-06-16,144.0,0.2,0.19,0.21,0.2,123.0,374,0.17627776855468752,149.77999877929688,puts,0.015044287299358671
WMT230616P00145000,WMT,2023-06-06 19:56:41,2023-06-16,145.0,0.27,0.26,0.29,0.275,179.0,9255,0.16846534667968754,149.77999877929688,puts,0.015044287299358671
WMT230616P00146000,WMT,2023-06-06 17:55:04,2023-06-16,146.0,0.59,0.34,0.39,0.365,432.0,1097,0.15894395751953128,149.77999877929688,puts,0.015044287299358671
WMT230616P00147000,WMT,2023-06-06 19:56:14,2023-06-16,147.0,0.51,0.48,0.54,0.51,369.0,977,0.1506432592773438,149.77999877929688,puts,0.015044287299358671
WMT230616P00148000,WMT,2023-06-06 19:54:37,2023-06-16,148.0,0.71,0.68,0.73,0.7050000000000001,198.0,960,0.14063359375,149.77999877929688,puts,0.015044287299358671
WMT230616P00149000,WMT,2023-06-06 19:54:33,2023-06-16,149.0,1.0,0.99,1.02,1.005,356.0,603,0.132821171875,149.77999877929688,puts,0.015044287299358671
WMT230616P00150000,WMT,2023-06-06 19:55:07,2023-06-16,150.0,1.38,1.36,1.43,1.395,794.0,9901,0.12696185546875,149.77999877929688,puts,0.015044287299358671
WMT230616P00152500,WMT,2023-06-06 19:56:00,2023-06-16,152.5,2.92,2.89,3.05,2.9699999999999998,23.0,151,0.11890529541015624,149.77999877929688,puts,0.015044287299358671
WMT230616P00155000,WMT,2023-06-06 18:42:26,2023-06-16,155.0,5.92,5.1,5.4,5.25,5.0,460,0.15137567382812503,149.77999877929688,puts,0.015044287299358671
WMT230616P00157500,WMT,2023-05-23 14:02:01,2023-06-16,157.5,9.65,7.6,7.9,7.75,0.0,0,0.20117986328124998,149.77999877929688,puts,0.015044287299358671
WMT230616P00160000,WMT,2023-06-05 17:28:20,2023-06-16,160.0,10.38,10.0,10.45,10.225,2.0,25,0.2622144091796875,149.77999877929688,puts,0.015044287299358671
WMT230616P00162500,WMT,2023-05-25 13:49:12,2023-06-16,162.5,15.95,12.6,13.0,12.8,0.0,0,0.3217841259765625,149.77999877929688,puts,0.015044287299358671
WMT230616P00165000,WMT,2023-06-06 17:44:17,2023-06-16,165.0,16.45,15.0,15.4,15.2,8.0,17,0.33399103515625,149.77999877929688,puts,0.015044287299358671
WMT230616P00170000,WMT,2023-05-22 14:35:56,2023-06-16,170.0,21.15,20.0,20.5,20.25,1.0,0,0.45166563964843753,149.77999877929688,puts,0.015044287299358671
WMT230616P00175000,WMT,2023-03-13 15:12:36,2023-06-16,175.0,37.4,25.4,26.0,25.7,1.0,0,0.594730615234375,149.77999877929688,puts,0.015044287299358671
WMT230616P00180000,WMT,2023-05-16 13:31:03,2023-06-16,180.0,29.75,29.95,30.45,30.2,1.0,0,0.5839885351562499,149.77999877929688,puts,0.015044287299358671
WMT230616P00190000,WMT,2022-08-24 19:24:03,2023-06-16,190.0,54.4,59.5,60.3,59.9,11.0,0,3.1381857482910154,149.77999877929688,puts,0.015044287299358671
WMT230616P00195000,WMT,2023-05-22 14:00:02,2023-06-16,195.0,45.8,44.95,45.45,45.2,0.0,0,0.7832052929687501,149.77999877929688,puts,0.015044287299358671
WMT230616P00200000,WMT,2023-05-18 13:54:31,2023-06-16,200.0,47.3,49.95,50.45,50.2,2.0,0,0.8437515624999999,149.77999877929688,puts,0.015044287299358671
WMT230616P00220000,WMT,2022-05-17 14:02:10,2023-06-16,220.0,84.88,99.8,101.1,100.44999999999999,0.0,0,4.7812540234375,149.77999877929688,puts,0.015044287299358671
WMT230616P00230000,WMT,2022-09-01 15:59:13,2023-06-16,230.0,95.15,99.7,101.15,100.42500000000001,2.0,0,3.976196348571777,149.77999877929688,puts,0.015044287299358671
WMT230623C00090000,WMT,2023-05-23 13:30:18,2023-06-23,90.0,58.39,59.75,60.3,60.025,0.0,1,1.142582412109375,149.77999877929688,calls,0.015044287299358671
WMT230623C00110000,WMT,2023-06-02 13:32:59,2023-06-23,110.0,38.7,39.8,40.4,40.099999999999994,1.0,0,0.7753928710937501,149.77999877929688,calls,0.015044287299358671
WMT230623C00115000,WMT,2023-05-31 19:54:15,2023-06-23,115.0,32.15,34.85,35.4,35.125,0.0,0,0.6894562304687502,149.77999877929688,calls,0.015044287299358671
WMT230623C00120000,WMT,2023-05-31 15:56:07,2023-06-23,120.0,27.34,29.75,30.35,30.05,0.0,1,0.56836369140625,149.77999877929688,calls,0.015044287299358671
WMT230623C00135000,WMT,2023-06-01 16:50:38,2023-06-23,135.0,13.04,14.9,15.5,15.2,2.0,2,0.39453730468750003,149.77999877929688,calls,0.015044287299358671
WMT230623C00138000,WMT,2023-05-12 13:51:04,2023-06-23,138.0,17.2,12.0,12.55,12.275,0.0,1,0.3403386279296875,149.77999877929688,calls,0.015044287299358671
WMT230623C00140000,WMT,2023-06-05 14:24:27,2023-06-23,140.0,11.6,10.1,10.6,10.35,4.0,19,0.304694453125,149.77999877929688,calls,0.015044287299358671
WMT230623C00141000,WMT,2023-05-24 15:01:00,2023-06-23,141.0,7.55,9.1,9.55,9.325,1.0,2,0.27686270019531245,149.77999877929688,calls,0.015044287299358671
WMT230623C00142000,WMT,2023-05-19 13:30:16,2023-06-23,142.0,10.58,8.1,8.6,8.35,6.0,6,0.2612378564453125,149.77999877929688,calls,0.015044287299358671
WMT230623C00143000,WMT,2023-06-01 19:51:48,2023-06-23,143.0,5.7,7.2,7.7,7.45,0.0,1,0.2500075,149.77999877929688,calls,0.015044287299358671
WMT230623C00144000,WMT,2023-06-06 18:38:30,2023-06-23,144.0,5.94,6.35,6.65,6.5,17.0,4,0.22168747070312497,149.77999877929688,calls,0.015044287299358671
WMT230623C00145000,WMT,2023-06-06 18:38:30,2023-06-23,145.0,5.05,5.55,5.75,5.65,62.0,49,0.20801573242187496,149.77999877929688,calls,0.015044287299358671
WMT230623C00146000,WMT,2023-06-06 19:40:56,2023-06-23,146.0,4.57,4.65,4.85,4.75,32.0,103,0.192390888671875,149.77999877929688,calls,0.015044287299358671
WMT230623C00147000,WMT,2023-06-05 18:38:34,2023-06-23,147.0,4.07,3.85,4.0,3.925,7.0,176,0.17896328857421873,149.77999877929688,calls,0.015044287299358671
WMT230623C00148000,WMT,2023-06-06 17:45:10,2023-06-23,148.0,2.45,3.05,3.25,3.15,39.0,146,0.17041845214843754,149.77999877929688,calls,0.015044287299358671
WMT230623C00149000,WMT,2023-06-06 19:46:50,2023-06-23,149.0,2.38,2.38,2.56,2.4699999999999998,20.0,490,0.16223982299804687,149.77999877929688,calls,0.015044287299358671
WMT230623C00150000,WMT,2023-06-06 19:51:46,2023-06-23,150.0,1.82,1.78,1.93,1.855,71.0,360,0.1534508483886719,149.77999877929688,calls,0.015044287299358671
WMT230623C00152500,WMT,2023-06-06 19:59:18,2023-06-23,152.5,0.72,0.67,0.78,0.7250000000000001,66.0,781,0.13648324462890626,149.77999877929688,calls,0.015044287299358671
WMT230623C00155000,WMT,2023-06-06 19:56:49,2023-06-23,155.0,0.23,0.21,0.28,0.245,68.0,948,0.133797724609375,149.77999877929688,calls,0.015044287299358671
WMT230623C00157500,WMT,2023-06-06 17:42:50,2023-06-23,157.5,0.06,0.06,0.09,0.075,16.0,164,0.13526255371093754,149.77999877929688,calls,0.015044287299358671
WMT230623C00160000,WMT,2023-06-06 13:30:54,2023-06-23,160.0,0.04,0.03,0.05,0.04,2.0,191,0.15235222656250003,149.77999877929688,calls,0.015044287299358671
WMT230623C00162500,WMT,2023-06-02 13:33:35,2023-06-23,162.5,0.03,0.01,0.05,0.030000000000000002,4.0,85,0.18164880859375,149.77999877929688,calls,0.015044287299358671
WMT230623C00165000,WMT,2023-06-05 16:31:20,2023-06-23,165.0,0.03,0.01,0.03,0.02,11.0,105,0.195320546875,149.77999877929688,calls,0.015044287299358671
WMT230623P00125000,WMT,2023-06-06 16:28:40,2023-06-23,125.0,0.03,0.02,0.03,0.025,43.0,125,0.34180345703125,149.77999877929688,puts,0.015044287299358671
WMT230623P00130000,WMT,2023-06-06 16:10:41,2023-06-23,130.0,0.05,0.04,0.05,0.045,5.0,260,0.29492892578124996,149.77999877929688,puts,0.015044287299358671
WMT230623P00134000,WMT,2023-06-05 15:48:51,2023-06-23,134.0,0.1,0.05,0.08,0.065,5.0,111,0.257819921875,149.77999877929688,puts,0.015044287299358671
WMT230623P00135000,WMT,2023-06-06 19:49:21,2023-06-23,135.0,0.08,0.07,0.08,0.07500000000000001,4.0,92,0.243171630859375,149.77999877929688,puts,0.015044287299358671
WMT230623P00136000,WMT,2023-06-06 19:18:23,2023-06-23,136.0,0.09,0.08,0.1,0.09,5.0,37,0.23731231445312498,149.77999877929688,puts,0.015044287299358671
WMT230623P00137000,WMT,2023-06-06 14:35:55,2023-06-23,137.0,0.11,0.09,0.11,0.1,2.0,28,0.22657023437499998,149.77999877929688,puts,0.015044287299358671
WMT230623P00138000,WMT,2023-06-06 16:07:00,2023-06-23,138.0,0.13,0.1,0.13,0.115,1.0,111,0.21778125976562498,149.77999877929688,puts,0.015044287299358671
WMT230623P00139000,WMT,2023-06-06 18:11:39,2023-06-23,139.0,0.16,0.12,0.14,0.13,5.0,30,0.20557435058593748,149.77999877929688,puts,0.015044287299358671
WMT230623P00140000,WMT,2023-06-06 19:12:38,2023-06-23,140.0,0.17,0.15,0.18,0.16499999999999998,3.0,826,0.20020331054687499,149.77999877929688,puts,0.015044287299358671
WMT230623P00141000,WMT,2023-06-05 18:53:03,2023-06-23,141.0,0.23,0.17,0.22,0.195,25.0,56,0.192390888671875,149.77999877929688,puts,0.015044287299358671
WMT230623P00142000,WMT,2023-06-06 19:47:31,2023-06-23,142.0,0.23,0.22,0.26,0.24,11.0,854,0.18262536132812499,149.77999877929688,puts,0.015044287299358671
WMT230623P00143000,WMT,2023-06-06 14:14:07,2023-06-23,143.0,0.36,0.25,0.31,0.28,1.0,309,0.17285983398437502,149.77999877929688,puts,0.015044287299358671
WMT230623P00144000,WMT,2023-06-06 18:11:39,2023-06-23,144.0,0.48,0.34,0.39,0.365,3.0,103,0.16529155029296877,149.77999877929688,puts,0.015044287299358671
WMT230623P00145000,WMT,2023-06-06 19:27:14,2023-06-23,145.0,0.52,0.43,0.46,0.445,19.0,232,0.15357291748046875,149.77999877929688,puts,0.015044287299358671
WMT230623P00146000,WMT,2023-06-06 18:28:03,2023-06-23,146.0,0.71,0.55,0.61,0.5800000000000001,20.0,220,0.14820187744140628,149.77999877929688,puts,0.015044287299358671
WMT230623P00147000,WMT,2023-06-06 19:52:41,2023-06-23,147.0,0.74,0.72,0.79,0.755,67.0,110,0.14136600830078128,149.77999877929688,puts,0.015044287299358671
WMT230623P00148000,WMT,2023-06-06 18:57:52,2023-06-23,148.0,1.18,0.94,1.03,0.985,91.0,165,0.13501841552734378,149.77999877929688,puts,0.015044287299358671
WMT230623P00149000,WMT,2023-06-06 19:47:29,2023-06-23,149.0,1.28,1.23,1.34,1.2850000000000001,55.0,54,0.12867082275390623,149.77999877929688,puts,0.015044287299358671
WMT230623P00150000,WMT,2023-06-06 19:47:32,2023-06-23,150.0,1.66,1.6,1.75,1.675,49.0,185,0.12329978271484376,149.77999877929688,puts,0.015044287299358671
WMT230623P00152500,WMT,2023-06-05 19:32:45,2023-06-23,152.5,3.51,3.0,3.2,3.1,2.0,69,0.10852942260742188,149.77999877929688,puts,0.015044287299358671
WMT230623P00155000,WMT,2023-06-01 17:59:39,2023-06-23,155.0,7.36,5.0,5.5,5.25,2.0,2,0.13404186279296876,149.77999877929688,puts,0.015044287299358671
WMT230623P00157500,WMT,2023-05-12 15:41:41,2023-06-23,157.5,6.02,7.45,8.0,7.725,0.0,5,0.1757894921875,149.77999877929688,puts,0.015044287299358671
WMT230623P00160000,WMT,2023-05-18 18:08:22,2023-06-23,160.0,9.64,10.0,10.45,10.225,2.0,1,0.20508607421874997,149.77999877929688,puts,0.015044287299358671
WMT230623P00165000,WMT,2023-05-10 13:40:29,2023-06-23,165.0,11.72,14.95,15.45,15.2,0.0,0,0.2749095947265625,149.77999877929688,puts,0.015044287299358671
WMT230623P00172500,WMT,2023-05-16 14:11:16,2023-06-23,172.5,21.6,22.5,22.95,22.725,2.0,0,0.370123486328125,149.77999877929688,puts,0.015044287299358671
WMT230630C00120000,WMT,2023-06-02 17:12:13,2023-06-30,120.0,28.82,29.85,30.6,30.225,1.0,0,0.5327195166015625,149.77999877929688,calls,0.015044287299358671
WMT230630C00125000,WMT,2023-06-05 14:33:38,2023-06-30,125.0,26.44,24.95,25.55,25.25,1.0,1,0.51562984375,149.77999877929688,calls,0.015044287299358671
WMT230630C00135000,WMT,2023-05-30 19:52:29,2023-06-30,135.0,12.35,15.1,15.7,15.399999999999999,5.0,5,0.3606020971679687,149.77999877929688,calls,0.015044287299358671
WMT230630C00140000,WMT,2023-06-05 15:08:19,2023-06-30,140.0,10.93,10.3,10.9,10.600000000000001,2.0,6,0.28955788574218744,149.77999877929688,calls,0.015044287299358671
WMT230630C00141000,WMT,2023-06-02 14:26:28,2023-06-30,141.0,8.39,9.4,10.0,9.7,1.0,1,0.2794261511230468,149.77999877929688,calls,0.015044287299358671
WMT230630C00142000,WMT,2023-05-26 14:04:32,2023-06-30,142.0,6.75,8.6,8.8,8.7,12.0,15,0.24097438720703124,149.77999877929688,calls,0.015044287299358671
WMT230630C00143000,WMT,2023-05-25 18:04:35,2023-06-30,143.0,5.86,7.5,7.9,7.7,1.0,1,0.23023230712890624,149.77999877929688,calls,0.015044287299358671
WMT230630C00144000,WMT,2023-05-30 14:39:43,2023-06-30,144.0,6.69,6.75,7.0,6.875,1.0,98,0.2181474670410156,149.77999877929688,calls,0.015044287299358671
WMT230630C00145000,WMT,2023-06-02 15:16:26,2023-06-30,145.0,5.41,5.9,6.1,6.0,1.0,9,0.20459779785156246,149.77999877929688,calls,0.015044287299358671
WMT230630C00146000,WMT,2023-06-06 19:40:56,2023-06-30,146.0,4.97,5.05,5.25,5.15,1.0,108,0.19348951049804688,149.77999877929688,calls,0.015044287299358671
WMT230630C00147000,WMT,2023-06-06 13:43:07,2023-06-30,147.0,4.32,4.25,4.5,4.375,2.0,80,0.1871419177246094,149.77999877929688,calls,0.015044287299358671
WMT230630C00148000,WMT,2023-06-06 13:43:07,2023-06-30,148.0,3.64,3.5,3.75,3.625,1.0,137,0.17810880493164064,149.77999877929688,calls,0.015044287299358671
WMT230630C00149000,WMT,2023-06-06 16:25:11,2023-06-30,149.0,2.61,2.83,2.95,2.89,7.0,174,0.16285016845703126,149.77999877929688,calls,0.015044287299358671
WMT230630C00150000,WMT,2023-06-06 19:53:00,2023-06-30,150.0,2.21,2.21,2.38,2.295,113.0,375,0.15894395751953128,149.77999877929688,calls,0.015044287299358671
WMT230630C00152500,WMT,2023-06-06 19:48:51,2023-06-30,152.5,1.07,1.01,1.09,1.05,194.0,398,0.13855841918945314,149.77999877929688,calls,0.015044287299358671
WMT230630C00155000,WMT,2023-06-06 19:47:16,2023-06-30,155.0,0.39,0.38,0.43,0.405,116.0,554,0.13037979003906247,149.77999877929688,calls,0.015044287299358671
WMT230630C00157500,WMT,2023-06-06 15:52:38,2023-06-30,157.5,0.13,0.13,0.17,0.15000000000000002,23.0,137,0.13160048095703125,149.77999877929688,calls,0.015044287299358671
WMT230630C00160000,WMT,2023-06-06 19:59:32,2023-06-30,160.0,0.07,0.05,0.07,0.060000000000000005,20.0,142,0.13672738281250002,149.77999877929688,calls,0.015044287299358671
WMT230630C00162500,WMT,2023-06-05 13:39:17,2023-06-30,162.5,0.07,0.03,0.04,0.035,2.0,34,0.148446015625,149.77999877929688,calls,0.015044287299358671
WMT230630C00165000,WMT,2023-06-05 18:10:20,2023-06-30,165.0,0.04,0.01,0.04,0.025,48.0,308,0.17188328125000002,149.77999877929688,calls,0.015044287299358671
WMT230630C00167500,WMT,2023-05-22 13:32:08,2023-06-30,167.5,0.31,0.01,0.03,0.02,2.0,8,0.187508125,149.77999877929688,calls,0.015044287299358671
WMT230630P00120000,WMT,2023-05-31 16:06:13,2023-06-30,120.0,0.09,0.01,0.04,0.025,2.0,10,0.36133451171875,149.77999877929688,puts,0.015044287299358671
WMT230630P00125000,WMT,2023-06-06 19:57:52,2023-06-30,125.0,0.03,0.03,0.05,0.04,1.0,112,0.31055376953124997,149.77999877929688,puts,0.015044287299358671
WMT230630P00130000,WMT,2023-06-06 19:53:02,2023-06-30,130.0,0.07,0.06,0.08,0.07,3.0,176,0.26856200195312496,149.77999877929688,puts,0.015044287299358671
WMT230630P00135000,WMT,2023-06-06 19:15:25,2023-06-30,135.0,0.13,0.11,0.14,0.125,154.0,428,0.2280350634765625,149.77999877929688,puts,0.015044287299358671
WMT230630P00136000,WMT,2023-06-02 18:21:29,2023-06-30,136.0,0.26,0.13,0.16,0.14500000000000002,3.0,5,0.22022264160156246,149.77999877929688,puts,0.015044287299358671
WMT230630P00137000,WMT,2023-06-06 14:34:15,2023-06-30,137.0,0.18,0.15,0.18,0.16499999999999998,2.0,5,0.21143366699218746,149.77999877929688,puts,0.015044287299358671
WMT230630P00138000,WMT,2023-06-06 15:32:42,2023-06-30,138.0,0.21,0.18,0.21,0.195,1.0,7,0.20459779785156246,149.77999877929688,puts,0.015044287299358671
WMT230630P00139000,WMT,2023-06-05 15:08:35,2023-06-30,139.0,0.27,0.21,0.25,0.22999999999999998,1.0,14,0.19800606689453126,149.77999877929688,puts,0.015044287299358671
WMT230630P00140000,WMT,2023-06-06 19:55:58,2023-06-30,140.0,0.26,0.25,0.3,0.275,141.0,1567,0.19190261230468753,149.77999877929688,puts,0.015044287299358671
WMT230630P00141000,WMT,2023-06-06 15:57:12,2023-06-30,141.0,0.4,0.28,0.33,0.30500000000000005,5.0,36,0.18091639404296872,149.77999877929688,puts,0.015044287299358671
WMT230630P00142000,WMT,2023-06-06 19:17:13,2023-06-30,142.0,0.39,0.36,0.39,0.375,27.0,75,0.1733481103515625,149.77999877929688,puts,0.015044287299358671
WMT230630P00143000,WMT,2023-06-06 18:28:03,2023-06-30,143.0,0.53,0.43,0.49,0.45999999999999996,12.0,31,0.1687094848632813,149.77999877929688,puts,0.015044287299358671
WMT230630P00144000,WMT,2023-06-06 16:30:56,2023-06-30,144.0,0.64,0.52,0.59,0.5549999999999999,2.0,37,0.16162947753906248,149.77999877929688,puts,0.015044287299358671
WMT230630P00145000,WMT,2023-06-06 18:41:50,2023-06-30,145.0,0.81,0.64,0.7,0.6699999999999999,54.0,84,0.15332877929687502,149.77999877929688,puts,0.015044287299358671
WMT230630P00146000,WMT,2023-06-06 17:42:10,2023-06-30,146.0,1.1,0.79,0.86,0.825,25.0,300,0.14673704833984375,149.77999877929688,puts,0.015044287299358671
WMT230630P00147000,WMT,2023-06-06 19:10:33,2023-06-30,147.0,1.16,0.97,1.06,1.0150000000000001,51.0,213,0.14026738647460937,149.77999877929688,puts,0.015044287299358671
WMT230630P00148000,WMT,2023-06-06 17:50:51,2023-06-30,148.0,1.69,1.22,1.33,1.275,30.0,182,0.13526255371093754,149.77999877929688,puts,0.015044287299358671
WMT230630P00149000,WMT,2023-06-06 19:38:10,2023-06-30,149.0,1.67,1.52,1.62,1.57,55.0,100,0.12732806274414063,149.77999877929688,puts,0.015044287299358671
WMT230630P00150000,WMT,2023-06-06 18:31:29,2023-06-30,150.0,2.28,1.86,2.02,1.94,49.0,259,0.12195702270507813,149.77999877929688,puts,0.015044287299358671
WMT230630P00152500,WMT,2023-06-06 19:19:06,2023-06-30,152.5,3.57,3.2,3.4,3.3,2.0,51,0.10816321533203124,149.77999877929688,puts,0.015044287299358671
WMT230630P00155000,WMT,2023-06-06 18:31:29,2023-06-30,155.0,5.88,5.05,5.5,5.275,5.0,3,0.1137783935546875,149.77999877929688,puts,0.015044287299358671
WMT230630P00157500,WMT,2023-05-19 15:14:53,2023-06-30,157.5,7.54,7.5,7.95,7.725,1.0,0,0.14185428466796873,149.77999877929688,puts,0.015044287299358671
WMT230630P00160000,WMT,2023-06-02 17:12:13,2023-06-30,160.0,11.65,9.9,10.55,10.225000000000001,1.0,0,0.18994950683593753,149.77999877929688,puts,0.015044287299358671
WMT230630P00162500,WMT,2023-06-05 14:33:38,2023-06-30,162.5,11.62,12.45,13.0,12.725,1.0,0,0.21363091064453127,149.77999877929688,puts,0.015044287299358671
WMT230630P00165000,WMT,2023-06-05 14:33:38,2023-06-30,165.0,14.13,14.95,15.5,15.225,1.0,1,0.24341576904296874,149.77999877929688,puts,0.015044287299358671
WMT230707C00141000,WMT,2023-06-02 14:26:02,2023-07-07,141.0,8.45,9.7,10.0,9.85,1.0,1,0.24695577270507812,149.77999877929688,calls,0.015044287299358671
WMT230707C00143000,WMT,2023-05-26 17:19:59,2023-07-07,143.0,5.7,7.9,8.15,8.025,1.0,1,0.2224198852539062,149.77999877929688,calls,0.015044287299358671
WMT230707C00144000,WMT,2023-06-01 17:34:50,2023-07-07,144.0,5.8,6.95,7.25,7.1,1.0,3,0.21070125244140625,149.77999877929688,calls,0.015044287299358671
WMT230707C00145000,WMT,2023-06-05 13:46:52,2023-07-07,145.0,7.14,6.1,6.4,6.25,2.0,15,0.20117986328124998,149.77999877929688,calls,0.015044287299358671
WMT230707C00146000,WMT,2023-06-06 19:39:14,2023-07-07,146.0,5.23,5.3,5.55,5.425,1.0,9,0.1901936450195313,149.77999877929688,calls,0.015044287299358671
WMT230707C00147000,WMT,2023-06-05 13:46:52,2023-07-07,147.0,5.54,4.55,4.9,4.725,1.0,203,0.18982743774414065,149.77999877929688,calls,0.015044287299358671
WMT230707C00148000,WMT,2023-06-06 17:42:50,2023-07-07,148.0,3.15,3.8,4.0,3.9,1.0,124,0.17212741943359378,149.77999877929688,calls,0.015044287299358671
WMT230707C00149000,WMT,2023-06-06 19:44:22,2023-07-07,149.0,3.15,3.1,3.3,3.2,439.0,151,0.16394879028320314,149.77999877929688,calls,0.015044287299358671
WMT230707C00150000,WMT,2023-06-06 19:49:38,2023-07-07,150.0,2.54,2.5,2.67,2.585,332.0,153,0.1568687829589844,149.77999877929688,calls,0.015044287299358671
WMT230707C00152500,WMT,2023-06-06 17:17:28,2023-07-07,152.5,1.12,1.24,1.35,1.295,13.0,652,0.13868048828125001,149.77999877929688,calls,0.015044287299358671
WMT230707C00155000,WMT,2023-06-06 19:52:11,2023-07-07,155.0,0.59,0.51,0.6,0.5549999999999999,6.0,180,0.13001358276367186,149.77999877929688,calls,0.015044287299358671
WMT230707C00157500,WMT,2023-06-06 17:58:44,2023-07-07,157.5,0.18,0.18,0.25,0.215,30.0,23,0.127938408203125,149.77999877929688,calls,0.015044287299358671
WMT230707C00160000,WMT,2023-06-06 19:07:21,2023-07-07,160.0,0.1,0.07,0.11,0.09,2.0,15,0.1313563427734375,149.77999877929688,calls,0.015044287299358671
WMT230707C00165000,WMT,2023-05-31 17:57:43,2023-07-07,165.0,0.01,0.01,0.05,0.030000000000000002,3.0,7,0.157234990234375,149.77999877929688,calls,0.015044287299358671
WMT230707P00125000,WMT,2023-06-05 17:02:02,2023-07-07,125.0,0.07,0.05,0.07,0.060000000000000005,1.0,7,0.28711650390624993,149.77999877929688,puts,0.015044287299358671
WMT230707P00130000,WMT,2023-06-05 19:33:53,2023-07-07,130.0,0.11,0.07,0.12,0.095,5.0,16,0.25391371093750004,149.77999877929688,puts,0.015044287299358671
WMT230707P00134000,WMT,2023-06-06 14:07:15,2023-07-07,134.0,0.17,0.13,0.18,0.155,23.0,7,0.22364057617187497,149.77999877929688,puts,0.015044287299358671
WMT230707P00135000,WMT,2023-06-05 14:37:05,2023-07-07,135.0,0.2,0.15,0.2,0.175,1.0,27,0.21631643066406248,149.77999877929688,puts,0.015044287299358671
WMT230707P00136000,WMT,2023-06-05 13:37:01,2023-07-07,136.0,0.26,0.17,0.22,0.195,1.0,14,0.20801573242187496,149.77999877929688,puts,0.015044287299358671
WMT230707P00137000,WMT,2023-06-05 19:05:10,2023-07-07,137.0,0.26,0.21,0.25,0.22999999999999998,4.0,10,0.20093572509765623,149.77999877929688,puts,0.015044287299358671
WMT230707P00138000,WMT,2023-06-05 15:48:52,2023-07-07,138.0,0.3,0.24,0.29,0.265,2.0,13,0.1948322705078125,149.77999877929688,puts,0.015044287299358671
WMT230707P00139000,WMT,2023-06-05 18:55:34,2023-07-07,139.0,0.34,0.28,0.34,0.31000000000000005,1.0,10,0.1889729541015625,149.77999877929688,puts,0.015044287299358671
WMT230707P00140000,WMT,2023-06-06 16:51:51,2023-07-07,140.0,0.43,0.33,0.39,0.36,7.0,19,0.18164880859375,149.77999877929688,puts,0.015044287299358671
WMT230707P00141000,WMT,2023-06-06 14:39:09,2023-07-07,141.0,0.43,0.39,0.45,0.42000000000000004,2.0,9,0.17469087036132813,149.77999877929688,puts,0.015044287299358671
WMT230707P00142000,WMT,2023-06-05 18:01:27,2023-07-07,142.0,0.55,0.45,0.51,0.48,11.0,35,0.16639017211914067,149.77999877929688,puts,0.015044287299358671
WMT230707P00143000,WMT,2023-06-06 15:31:45,2023-07-07,143.0,0.68,0.52,0.63,0.575,4.0,54,0.1626060302734375,149.77999877929688,puts,0.015044287299358671
WMT230707P00144000,WMT,2023-06-06 16:10:08,2023-07-07,144.0,0.8,0.64,0.72,0.6799999999999999,1.0,60,0.15406119384765626,149.77999877929688,puts,0.015044287299358671
WMT230707P00145000,WMT,2023-06-05 15:37:54,2023-07-07,145.0,0.8,0.79,0.86,0.825,3.0,71,0.14795773925781253,149.77999877929688,puts,0.015044287299358671
WMT230707P00146000,WMT,2023-06-06 18:31:08,2023-07-07,146.0,1.15,0.95,1.03,0.99,15.0,66,0.141610146484375,149.77999877929688,puts,0.015044287299358671
WMT230707P00147000,WMT,2023-06-06 14:01:48,2023-07-07,147.0,1.37,1.14,1.24,1.19,2.0,92,0.13562876098632815,149.77999877929688,puts,0.015044287299358671
WMT230707P00148000,WMT,2023-06-05 19:17:06,2023-07-07,148.0,1.45,1.38,1.51,1.4449999999999998,13.0,36,0.1302577209472656,149.77999877929688,puts,0.015044287299358671
WMT230707P00150000,WMT,2023-06-05 17:28:19,2023-07-07,150.0,2.54,2.08,2.22,2.1500000000000004,3.0,7,0.11914943359374999,149.77999877929688,puts,0.015044287299358671
WMT230707P00155000,WMT,2023-06-05 15:09:26,2023-07-07,155.0,5.22,5.2,5.5,5.35,38.0,21,0.100594931640625,149.77999877929688,puts,0.015044287299358671
WMT230714C00141000,WMT,2023-06-02 19:52:28,2023-07-14,141.0,9.45,9.9,10.25,10.075,8.0,8,0.24182887084960938,149.77999877929688,calls,0.015044287299358671
WMT230714C00146000,WMT,2023-06-06 14:47:25,2023-07-14,146.0,5.91,5.6,5.9,5.75,10.0,5,0.19226881958007813,149.77999877929688,calls,0.015044287299358671
WMT230714C00147000,WMT,2023-06-05 15:39:28,2023-07-14,147.0,5.36,4.85,5.15,5.0,4.0,13,0.18555501953124998,149.77999877929688,calls,0.015044287299358671
WMT230714C00148000,WMT,2023-06-05 17:40:33,2023-07-14,148.0,4.35,4.15,4.35,4.25,2.0,4,0.17432466308593753,149.77999877929688,calls,0.015044287299358671
WMT230714C00149000,WMT,2023-06-06 19:19:04,2023-07-14,149.0,3.35,3.45,3.65,3.55,24.0,1,0.16651224121093755,149.77999877929688,calls,0.015044287299358671
WMT230714C00150000,WMT,2023-06-06 15:53:13,2023-07-14,150.0,2.59,2.86,3.05,2.955,69.0,43,0.16162947753906248,149.77999877929688,calls,0.015044287299358671
WMT230714C00152500,WMT,2023-06-06 19:19:01,2023-07-14,152.5,1.5,1.55,1.66,1.605,16.0,364,0.14270876831054688,149.77999877929688,calls,0.015044287299358671
WMT230714C00155000,WMT,2023-06-06 17:57:40,2023-07-14,155.0,0.64,0.73,0.81,0.77,41.0,74,0.132821171875,149.77999877929688,calls,0.015044287299358671
WMT230714C00157500,WMT,2023-06-06 19:18:13,2023-07-14,157.5,0.29,0.29,0.37,0.32999999999999996,37.0,31,0.12903703002929687,149.77999877929688,calls,0.015044287299358671
WMT230714C00160000,WMT,2023-06-06 13:31:52,2023-07-14,160.0,0.15,0.11,0.16,0.135,27.0,8,0.12818254638671872,149.77999877929688,calls,0.015044287299358671
WMT230714P00135000,WMT,2023-06-05 18:16:32,2023-07-14,135.0,0.27,0.21,0.28,0.245,1.0,10,0.2104571142578125,149.77999877929688,puts,0.015044287299358671
WMT230714P00136000,WMT,2023-06-06 16:13:42,2023-07-14,136.0,0.3,0.24,0.29,0.265,5.0,13,0.20020331054687499,149.77999877929688,puts,0.015044287299358671
WMT230714P00139000,WMT,2023-06-05 13:40:53,2023-07-14,139.0,0.45,0.37,0.43,0.4,25.0,7,0.1821370849609375,149.77999877929688,puts,0.015044287299358671
WMT230714P00140000,WMT,2023-06-02 16:09:15,2023-07-14,140.0,0.82,0.42,0.49,0.45499999999999996,3.0,28,0.1757894921875,149.77999877929688,puts,0.015044287299358671
WMT230714P00141000,WMT,2023-06-05 19:33:30,2023-07-14,141.0,0.54,0.48,0.57,0.5249999999999999,1.0,2,0.17017431396484378,149.77999877929688,puts,0.015044287299358671
WMT230714P00142000,WMT,2023-06-06 16:36:02,2023-07-14,142.0,0.69,0.58,0.66,0.62,2.0,13,0.16431499755859375,149.77999877929688,puts,0.015044287299358671
WMT230714P00143000,WMT,2023-06-06 19:39:58,2023-07-14,143.0,0.75,0.66,0.74,0.7,7.0,3,0.1562584375,149.77999877929688,puts,0.015044287299358671
WMT230714P00144000,WMT,2023-06-06 18:22:57,2023-07-14,144.0,1.01,0.8,0.89,0.845,28.0,4,0.15210808837890627,149.77999877929688,puts,0.015044287299358671
WMT230714P00145000,WMT,2023-06-06 18:22:57,2023-07-14,145.0,1.21,0.94,1.03,0.985,1.0,2,0.14539428833007811,149.77999877929688,puts,0.015044287299358671
WMT230714P00146000,WMT,2023-06-06 15:59:02,2023-07-14,146.0,1.45,1.12,1.22,1.17,2.0,11,0.14002324829101562,149.77999877929688,puts,0.015044287299358671
WMT230714P00147000,WMT,2023-06-05 19:02:59,2023-07-14,147.0,1.46,1.33,1.44,1.385,4.0,4,0.13428600097656251,149.77999877929688,puts,0.015044287299358671
WMT230714P00148000,WMT,2023-06-06 19:48:01,2023-07-14,148.0,1.62,1.6,1.73,1.665,3.0,10,0.129891513671875,149.77999877929688,puts,0.015044287299358671
WMT230714P00150000,WMT,2023-06-06 19:49:59,2023-07-14,150.0,2.38,2.29,2.43,2.3600000000000003,7.0,20,0.1186611572265625,149.77999877929688,puts,0.015044287299358671
WMT230714P00155000,WMT,2023-06-06 14:10:21,2023-07-14,155.0,5.9,5.25,5.6,5.425,1.0,2,0.10035079345703124,149.77999877929688,puts,0.015044287299358671
WMT230721C00100000,WMT,2023-05-18 13:35:50,2023-07-21,100.0,54.55,50.15,50.7,50.425,1.0,0,0.6962920996093751,149.77999877929688,calls,0.015044287299358671
WMT230721C00110000,WMT,2023-06-05 14:22:29,2023-07-21,110.0,41.8,40.25,40.85,40.55,2.0,3,0.579105771484375,149.77999877929688,calls,0.015044287299358671
WMT230721C00115000,WMT,2023-05-22 14:05:52,2023-07-21,115.0,34.89,35.3,35.95,35.625,1.0,1,0.5224657128906249,149.77999877929688,calls,0.015044287299358671
WMT230721C00120000,WMT,2023-05-26 17:19:03,2023-07-21,120.0,27.15,30.35,31.0,30.675,2.0,15,0.5017139672851563,149.77999877929688,calls,0.015044287299358671
WMT230721C00125000,WMT,2023-05-16 18:52:08,2023-07-21,125.0,26.85,25.5,26.05,25.775,2.0,33,0.4364070031738281,149.77999877929688,calls,0.015044287299358671
WMT230721C00130000,WMT,2023-05-31 15:58:15,2023-07-21,130.0,18.3,20.55,21.1,20.825000000000003,2.0,20,0.3707338317871094,149.77999877929688,calls,0.015044287299358671
WMT230721C00135000,WMT,2023-06-05 14:20:31,2023-07-21,135.0,17.35,15.75,16.25,16.0,2.0,33,0.31165239135742184,149.77999877929688,calls,0.015044287299358671
WMT230721C00140000,WMT,2023-06-06 17:45:43,2023-07-21,140.0,10.35,11.15,11.4,11.275,13.0,58,0.24768818725585937,149.77999877929688,calls,0.015044287299358671
WMT230721C00145000,WMT,2023-06-06 17:49:28,2023-07-21,145.0,6.0,6.8,6.95,6.875,12.0,860,0.19770089416503905,149.77999877929688,calls,0.015044287299358671
WMT230721C00150000,WMT,2023-06-06 19:58:09,2023-07-21,150.0,3.2,3.15,3.25,3.2,1125.0,3486,0.15821154296875,149.77999877929688,calls,0.015044287299358671
WMT230721C00155000,WMT,2023-06-06 19:55:05,2023-07-21,155.0,1.0,0.98,1.02,1.0,1021.0,6427,0.13514048461914066,149.77999877929688,calls,0.015044287299358671
WMT230721C00160000,WMT,2023-06-06 19:45:08,2023-07-21,160.0,0.22,0.21,0.24,0.22499999999999998,1506.0,5732,0.1294032373046875,149.77999877929688,calls,0.015044287299358671
WMT230721C00165000,WMT,2023-06-06 19:58:37,2023-07-21,165.0,0.07,0.05,0.07,0.060000000000000005,93.0,2407,0.1381922119140625,149.77999877929688,calls,0.015044287299358671
WMT230721C00170000,WMT,2023-06-06 15:55:59,2023-07-21,170.0,0.03,0.02,0.04,0.03,3.0,408,0.159188095703125,149.77999877929688,calls,0.015044287299358671
WMT230721C00175000,WMT,2023-06-06 19:58:59,2023-07-21,175.0,0.02,0.02,0.03,0.025,5.0,1131,0.18360191406249998,149.77999877929688,calls,0.015044287299358671
WMT230721P00105000,WMT,2023-05-30 19:50:10,2023-07-21,105.0,0.06,0.01,0.03,0.02,3.0,38,0.39258419921875,149.77999877929688,puts,0.015044287299358671
WMT230721P00110000,WMT,2023-06-02 13:46:41,2023-07-21,110.0,0.05,0.01,0.03,0.02,6.0,472,0.34570966796874997,149.77999877929688,puts,0.015044287299358671
WMT230721P00115000,WMT,2023-06-05 18:55:15,2023-07-21,115.0,0.04,0.03,0.05,0.04,26.0,233,0.32031929687499994,149.77999877929688,puts,0.015044287299358671
WMT230721P00120000,WMT,2023-06-06 14:34:07,2023-07-21,120.0,0.06,0.06,0.07,0.065,60.0,110,0.28613995117187496,149.77999877929688,puts,0.015044287299358671
WMT230721P00125000,WMT,2023-06-06 19:53:03,2023-07-21,125.0,0.11,0.1,0.11,0.10500000000000001,1.0,480,0.256843369140625,149.77999877929688,puts,0.015044287299358671
WMT230721P00130000,WMT,2023-06-06 17:55:23,2023-07-21,130.0,0.23,0.16,0.18,0.16999999999999998,20.0,787,0.22754678710937498,149.77999877929688,puts,0.015044287299358671
WMT230721P00135000,WMT,2023-06-06 19:51:38,2023-07-21,135.0,0.31,0.28,0.31,0.29500000000000004,275.0,2690,0.198250205078125,149.77999877929688,puts,0.015044287299358671
WMT230721P00140000,WMT,2023-06-06 19:54:37,2023-07-21,140.0,0.55,0.55,0.58,0.565,398.0,1733,0.17017431396484378,149.77999877929688,puts,0.015044287299358671
WMT230721P00145000,WMT,2023-06-06 19:54:37,2023-07-21,145.0,1.14,1.12,1.18,1.15,298.0,6047,0.14283083740234376,149.77999877929688,puts,0.015044287299358671
WMT230721P00150000,WMT,2023-06-06 19:49:35,2023-07-21,150.0,2.51,2.48,2.55,2.5149999999999997,1365.0,3417,0.11487701538085937,149.77999877929688,puts,0.015044287299358671
WMT230721P00155000,WMT,2023-06-06 15:25:55,2023-07-21,155.0,5.9,5.35,5.7,5.525,21.0,1868,0.09998458618164063,149.77999877929688,puts,0.015044287299358671
WMT230721P00160000,WMT,2023-06-01 14:52:46,2023-07-21,160.0,13.55,9.85,10.5,10.175,4.0,27,0.13453013916015627,149.77999877929688,puts,0.015044287299358671
WMT230721P00165000,WMT,2023-05-23 18:25:14,2023-07-21,165.0,17.1,14.9,15.5,15.2,5.0,0,0.179695703125,149.77999877929688,puts,0.015044287299358671
WMT230721P00170000,WMT,2023-05-26 18:22:36,2023-07-21,170.0,23.5,19.9,20.45,20.174999999999997,1.0,0,0.2124102197265625,149.77999877929688,puts,0.015044287299358671
WMT230721P00175000,WMT,2023-05-10 18:36:17,2023-07-21,175.0,23.0,24.9,25.6,25.25,0.0,0,0.27637442382812494,149.77999877929688,puts,0.015044287299358671
WMT230721P00180000,WMT,2023-05-16 13:31:26,2023-07-21,180.0,30.1,29.9,30.45,30.174999999999997,0.0,0,0.28613995117187496,149.77999877929688,puts,0.015044287299358671
WMT230818C00120000,WMT,2023-06-05 19:20:23,2023-08-18,120.0,31.41,30.75,31.45,31.1,2.0,12,0.4335994140625,149.77999877929688,calls,0.015044287299358671
WMT230818C00130000,WMT,2023-06-05 13:33:46,2023-08-18,130.0,22.0,21.2,21.75,21.475,2.0,13,0.33521172607421873,149.77999877929688,calls,0.015044287299358671
WMT230818C00140000,WMT,2023-06-05 15:51:27,2023-08-18,140.0,12.63,12.25,12.45,12.35,1.0,5,0.24634542724609376,149.77999877929688,calls,0.015044287299358671
WMT230818C00145000,WMT,2023-06-06 19:46:43,2023-08-18,145.0,8.25,8.2,8.4,8.3,117.0,434,0.21509573974609375,149.77999877929688,calls,0.015044287299358671
WMT230818C00150000,WMT,2023-06-06 19:28:26,2023-08-18,150.0,4.7,4.85,5.0,4.925,181.0,457,0.18976640319824223,149.77999877929688,calls,0.015044287299358671
WMT230818C00155000,WMT,2023-06-06 19:55:17,2023-08-18,155.0,2.47,2.41,2.49,2.45,188.0,2169,0.1695639685058594,149.77999877929688,calls,0.015044287299358671
WMT230818C00160000,WMT,2023-06-06 19:47:50,2023-08-18,160.0,1.03,0.96,1.07,1.0150000000000001,106.0,2162,0.15906602661132813,149.77999877929688,calls,0.015044287299358671
WMT230818C00165000,WMT,2023-06-06 19:55:24,2023-08-18,165.0,0.37,0.35,0.41,0.38,18.0,238,0.15454947021484378,149.77999877929688,calls,0.015044287299358671
WMT230818C00170000,WMT,2023-06-05 13:54:48,2023-08-18,170.0,0.21,0.12,0.17,0.14500000000000002,2.0,8,0.15796740478515625,149.77999877929688,calls,0.015044287299358671
WMT230818P00090000,WMT,2023-06-02 15:11:29,2023-08-18,90.0,0.04,0.01,0.04,0.025,21.0,11,0.445318046875,149.77999877929688,puts,0.015044287299358671
WMT230818P00100000,WMT,2023-05-30 19:51:03,2023-08-18,100.0,0.12,0.03,0.07,0.05,0.0,3,0.38477177734374995,149.77999877929688,puts,0.015044287299358671
WMT230818P00110000,WMT,2023-06-01 17:32:21,2023-08-18,110.0,0.23,0.09,0.14,0.115,4.0,20,0.33301448242187504,149.77999877929688,puts,0.015044287299358671
WMT230818P00115000,WMT,2023-05-25 19:48:05,2023-08-18,115.0,0.48,0.14,0.18,0.16,0.0,9,0.30322962402343745,149.77999877929688,puts,0.015044287299358671
WMT230818P00120000,WMT,2023-06-05 19:35:28,2023-08-18,120.0,0.28,0.22,0.27,0.245,10.0,46,0.2805247729492187,149.77999877929688,puts,0.015044287299358671
WMT230818P00125000,WMT,2023-06-06 16:26:07,2023-08-18,125.0,0.38,0.34,0.4,0.37,17.0,84,0.256843369140625,149.77999877929688,puts,0.015044287299358671
WMT230818P00130000,WMT,2023-06-06 19:39:21,2023-08-18,130.0,0.58,0.54,0.61,0.575,22.0,157,0.23413851806640623,149.77999877929688,puts,0.015044287299358671
WMT230818P00135000,WMT,2023-06-06 19:58:59,2023-08-18,135.0,0.9,0.87,0.92,0.895,108.0,325,0.20972469970703123,149.77999877929688,puts,0.015044287299358671
WMT230818P00140000,WMT,2023-06-06 19:58:09,2023-08-18,140.0,1.46,1.44,1.5,1.47,26.0,482,0.1891560577392578,149.77999877929688,puts,0.015044287299358671
WMT230818P00145000,WMT,2023-06-06 18:43:24,2023-08-18,145.0,2.68,2.42,2.47,2.4450000000000003,81.0,426,0.16846534667968754,149.77999877929688,puts,0.015044287299358671
WMT230818P00150000,WMT,2023-06-06 19:14:49,2023-08-18,150.0,4.3,4.0,4.15,4.075,87.0,1377,0.15009394836425782,149.77999877929688,puts,0.015044287299358671
WMT230818P00155000,WMT,2023-06-06 19:55:57,2023-08-18,155.0,6.55,6.55,6.75,6.65,39.0,154,0.12964737548828126,149.77999877929688,puts,0.015044287299358671
WMT230818P00160000,WMT,2023-06-06 15:31:20,2023-08-18,160.0,10.8,10.25,10.5,10.375,1.0,22,0.10621010986328125,149.77999877929688,puts,0.015044287299358671
WMT230818P00170000,WMT,2023-05-25 17:27:26,2023-08-18,170.0,23.9,19.9,20.55,20.225,0.0,0,0.180672255859375,149.77999877929688,puts,0.015044287299358671
WMT230915C00070000,WMT,2023-06-02 16:37:15,2023-09-15,70.0,78.75,80.0,80.75,80.375,1.0,6,0.795900478515625,149.77999877929688,calls,0.015044287299358671
WMT230915C00075000,WMT,2022-12-13 15:30:06,2023-09-15,75.0,74.1,70.5,71.3,70.9,1.0,2,1.0000000000000003e-05,149.77999877929688,calls,0.015044287299358671
WMT230915C00080000,WMT,2023-05-16 18:07:04,2023-09-15,80.0,71.05,70.2,70.85,70.525,1.0,14,0.7004424487304688,149.77999877929688,calls,0.015044287299358671
WMT230915C00085000,WMT,2022-12-13 16:40:32,2023-09-15,85.0,65.4,60.9,61.85,61.375,0.0,5,1.0000000000000003e-05,149.77999877929688,calls,0.015044287299358671
WMT230915C00090000,WMT,2023-04-24 15:10:20,2023-09-15,90.0,63.08,58.3,59.05,58.675,1.0,2,1.0000000000000003e-05,149.77999877929688,calls,0.015044287299358671
WMT230915C00095000,WMT,2023-05-12 16:21:38,2023-09-15,95.0,59.5,55.45,56.05,55.75,1.0,10,0.5634809277343751,149.77999877929688,calls,0.015044287299358671
WMT230915C00100000,WMT,2023-06-05 14:28:21,2023-09-15,100.0,52.0,50.55,51.2,50.875,1.0,17,0.5249070947265625,149.77999877929688,calls,0.015044287299358671
WMT230915C00105000,WMT,2023-04-26 13:59:43,2023-09-15,105.0,47.62,43.1,43.3,43.2,1.0,47,1.0000000000000003e-05,149.77999877929688,calls,0.015044287299358671
WMT230915C00110000,WMT,2023-05-10 13:35:27,2023-09-15,110.0,46.03,40.65,41.45,41.05,1.0,32,0.47290566162109376,149.77999877929688,calls,0.015044287299358671
WMT230915C00115000,WMT,2023-04-27 13:51:44,2023-09-15,115.0,38.35,33.05,33.7,33.375,6.0,163,1.0000000000000003e-05,149.77999877929688,calls,0.015044287299358671
WMT230915C00120000,WMT,2023-06-06 13:41:16,2023-09-15,120.0,35.39,31.15,31.65,31.4,1.0,364,0.38245246459960935,149.77999877929688,calls,0.015044287299358671
WMT230915C00125000,WMT,2023-05-08 16:42:43,2023-09-15,125.0,29.65,26.35,26.85,26.6,1.0,499,0.34278000976562495,149.77999877929688,calls,0.015044287299358671
WMT230915C00130000,WMT,2023-05-31 14:44:00,2023-09-15,130.0,19.69,21.75,22.2,21.975,3.0,465,0.3086006640625,149.77999877929688,calls,0.015044287299358671
WMT230915C00135000,WMT,2023-06-06 17:24:18,2023-09-15,135.0,16.84,17.35,17.55,17.450000000000003,1.0,302,0.27027096923828126,149.77999877929688,calls,0.015044287299358671
WMT230915C00140000,WMT,2023-06-06 14:50:18,2023-09-15,140.0,13.29,13.05,13.25,13.15,4.0,1252,0.2406081799316406,149.77999877929688,calls,0.015044287299358671
WMT230915C00145000,WMT,2023-06-06 17:16:06,2023-09-15,145.0,8.95,9.15,9.35,9.25,1.0,3385,0.21527884338378905,149.77999877929688,calls,0.015044287299358671
WMT230915C00150000,WMT,2023-06-06 19:43:33,2023-09-15,150.0,5.9,5.8,5.95,5.875,247.0,4423,0.19171950866699222,149.77999877929688,calls,0.015044287299358671
WMT230915C00155000,WMT,2023-06-06 19:33:18,2023-09-15,155.0,3.15,3.2,3.35,3.2750000000000004,153.0,7447,0.1735312139892578,149.77999877929688,calls,0.015044287299358671
WMT230915C00160000,WMT,2023-06-06 19:07:51,2023-09-15,160.0,1.49,1.53,1.61,1.57,180.0,8788,0.159188095703125,149.77999877929688,calls,0.015044287299358671
WMT230915C00165000,WMT,2023-06-06 18:06:23,2023-09-15,165.0,0.62,0.65,0.7,0.675,67.0,6980,0.1518639501953125,149.77999877929688,calls,0.015044287299358671
WMT230915C00170000,WMT,2023-06-06 18:58:44,2023-09-15,170.0,0.27,0.25,0.3,0.275,16.0,1281,0.15039912109375003,149.77999877929688,calls,0.015044287299358671
WMT230915C00175000,WMT,2023-06-06 19:48:35,2023-09-15,175.0,0.13,0.11,0.13,0.12,6.0,1091,0.1518639501953125,149.77999877929688,calls,0.015044287299358671
WMT230915C00180000,WMT,2023-06-05 13:33:35,2023-09-15,180.0,0.08,0.04,0.07,0.05500000000000001,21.0,698,0.159188095703125,149.77999877929688,calls,0.015044287299358671
WMT230915C00185000,WMT,2023-05-30 13:30:03,2023-09-15,185.0,0.05,0.02,0.04,0.03,1.0,857,0.16602396484375004,149.77999877929688,calls,0.015044287299358671
WMT230915C00190000,WMT,2023-06-01 16:59:58,2023-09-15,190.0,0.03,0.01,0.03,0.02,100.0,459,0.178719150390625,149.77999877929688,calls,0.015044287299358671
WMT230915P00085000,WMT,2023-06-06 19:34:17,2023-09-15,85.0,0.03,0.01,0.04,0.025,20.0,366,0.41797457031249996,149.77999877929688,puts,0.015044287299358671
WMT230915P00090000,WMT,2023-05-30 19:52:19,2023-09-15,90.0,0.11,0.03,0.05,0.04,4.0,91,0.38867798828125,149.77999877929688,puts,0.015044287299358671
WMT230915P00095000,WMT,2023-06-01 19:50:23,2023-09-15,95.0,0.13,0.05,0.08,0.065,2.0,274,0.3711000390625,149.77999877929688,puts,0.015044287299358671
WMT230915P00100000,WMT,2023-06-06 15:37:18,2023-09-15,100.0,0.11,0.08,0.11,0.095,2.0,296,0.34766277343749996,149.77999877929688,puts,0.015044287299358671
WMT230915P00105000,WMT,2023-06-06 19:07:36,2023-09-15,105.0,0.16,0.12,0.15,0.135,4.0,804,0.3242255078124999,149.77999877929688,puts,0.015044287299358671
WMT230915P00110000,WMT,2023-06-05 18:34:38,2023-09-15,110.0,0.23,0.18,0.21,0.195,9.0,509,0.30274134765625,149.77999877929688,puts,0.015044287299358671
WMT230915P00115000,WMT,2023-06-06 19:48:01,2023-09-15,115.0,0.28,0.26,0.29,0.275,11.0,860,0.2805247729492187,149.77999877929688,puts,0.015044287299358671
WMT230915P00120000,WMT,2023-06-06 19:48:01,2023-09-15,120.0,0.41,0.38,0.41,0.395,4.0,913,0.25928475097656256,149.77999877929688,puts,0.015044287299358671
WMT230915P00125000,WMT,2023-06-06 19:22:12,2023-09-15,125.0,0.6,0.55,0.59,0.5700000000000001,10.0,2240,0.23902128173828124,149.77999877929688,puts,0.015044287299358671
WMT230915P00130000,WMT,2023-06-06 19:39:21,2023-09-15,130.0,0.87,0.82,0.86,0.84,70.0,4952,0.21887988159179686,149.77999877929688,puts,0.015044287299358671
WMT230915P00135000,WMT,2023-06-06 19:58:09,2023-09-15,135.0,1.27,1.23,1.3,1.2650000000000001,32.0,5942,0.2004474487304687,149.77999877929688,puts,0.015044287299358671
WMT230915P00140000,WMT,2023-06-06 19:58:59,2023-09-15,140.0,1.91,1.89,1.97,1.93,76.0,5569,0.1815267395019531,149.77999877929688,puts,0.015044287299358671
WMT230915P00145000,WMT,2023-06-06 17:12:29,2023-09-15,145.0,3.22,2.94,3.05,2.995,45.0,7450,0.16376568664550784,149.77999877929688,puts,0.015044287299358671
WMT230915P00150000,WMT,2023-06-06 19:48:25,2023-09-15,150.0,4.6,4.55,4.65,4.6,36.0,7504,0.14368532104492188,149.77999877929688,puts,0.015044287299358671
WMT230915P00155000,WMT,2023-06-06 19:37:09,2023-09-15,155.0,7.25,6.9,7.15,7.025,22.0,2716,0.12494771545410156,149.77999877929688,puts,0.015044287299358671
WMT230915P00160000,WMT,2023-06-06 19:59:52,2023-09-15,160.0,10.5,10.3,10.7,10.5,4.0,2655,0.10450114257812498,149.77999877929688,puts,0.015044287299358671
WMT230915P00165000,WMT,2023-06-06 17:44:17,2023-09-15,165.0,16.45,14.9,15.45,15.175,5.0,11,0.11585356811523437,149.77999877929688,puts,0.015044287299358671
WMT230915P00170000,WMT,2023-05-18 15:27:41,2023-09-15,170.0,19.39,20.0,20.55,20.275,6.0,0,0.15393912475585939,149.77999877929688,puts,0.015044287299358671
WMT230915P00180000,WMT,2022-12-15 17:56:59,2023-09-15,180.0,35.65,34.4,35.1,34.75,0.0,0,0.44910218872070307,149.77999877929688,puts,0.015044287299358671
WMT230915P00185000,WMT,2022-12-09 14:32:37,2023-09-15,185.0,38.0,37.75,38.5,38.125,1.0,0,0.41644870666503897,149.77999877929688,puts,0.015044287299358671
WMT230915P00190000,WMT,2023-05-31 13:31:33,2023-09-15,190.0,44.8,39.9,40.45,40.175,0.0,0,0.23731231445312498,149.77999877929688,puts,0.015044287299358671
WMT230915P00200000,WMT,2022-12-09 16:46:51,2023-09-15,200.0,52.95,52.7,53.6,53.150000000000006,1.0,0,0.5112353564453125,149.77999877929688,puts,0.015044287299358671
WMT230915P00220000,WMT,2023-05-19 13:53:46,2023-09-15,220.0,70.45,69.9,70.55,70.225,2.0,0,0.3711000390625,149.77999877929688,puts,0.015044287299358671
WMT231215C00075000,WMT,2023-05-30 15:40:38,2023-12-15,75.0,73.85,75.8,76.65,76.225,0.0,3,0.6379430737304688,149.77999877929688,calls,0.015044287299358671
WMT231215C00100000,WMT,2023-06-02 19:13:03,2023-12-15,100.0,51.55,51.95,52.6,52.275000000000006,3.0,3,0.49255878540039066,149.77999877929688,calls,0.015044287299358671
WMT231215C00125000,WMT,2023-06-05 15:29:40,2023-12-15,125.0,29.5,28.8,29.2,29.0,16.0,37,0.33515069152832033,149.77999877929688,calls,0.015044287299358671
WMT231215C00130000,WMT,2023-05-31 15:57:02,2023-12-15,130.0,22.66,24.45,24.85,24.65,1.0,8,0.31049273498535157,149.77999877929688,calls,0.015044287299358671
WMT231215C00135000,WMT,2023-05-18 15:01:12,2023-12-15,135.0,23.53,20.15,20.6,20.375,1.0,144,0.2854075366210937,149.77999877929688,calls,0.015044287299358671
WMT231215C00140000,WMT,2023-06-05 15:30:54,2023-12-15,140.0,15.62,16.2,16.65,16.424999999999997,5.0,35,0.2639844110107422,149.77999877929688,calls,0.015044287299358671
WMT231215C00145000,WMT,2023-06-06 19:17:24,2023-12-15,145.0,12.43,12.55,12.85,12.7,1.0,110,0.24073024902343748,149.77999877929688,calls,0.015044287299358671
WMT231215C00150000,WMT,2023-06-06 19:38:00,2023-12-15,150.0,9.25,9.25,9.5,9.375,10.0,330,0.22113815979003904,149.77999877929688,calls,0.015044287299358671
WMT231215C00155000,WMT,2023-06-06 19:21:05,2023-12-15,155.0,6.38,6.5,6.7,6.6,15.0,815,0.20533021240234373,149.77999877929688,calls,0.015044287299358671
WMT231215C00160000,WMT,2023-06-06 18:52:19,2023-12-15,160.0,4.12,4.25,4.4,4.325,10.0,1228,0.19059036956787112,149.77999877929688,calls,0.015044287299358671
WMT231215C00165000,WMT,2023-06-06 19:40:15,2023-12-15,165.0,2.59,2.61,2.77,2.69,9.0,651,0.180672255859375,149.77999877929688,calls,0.015044287299358671
WMT231215C00170000,WMT,2023-06-06 16:26:59,2023-12-15,170.0,1.63,1.54,1.68,1.6099999999999999,8.0,417,0.17408052490234377,149.77999877929688,calls,0.015044287299358671
WMT231215C00175000,WMT,2023-06-05 15:31:28,2023-12-15,175.0,1.05,0.87,0.93,0.9,6.0,637,0.16700051757812504,149.77999877929688,calls,0.015044287299358671
WMT231215C00180000,WMT,2023-06-05 13:55:55,2023-12-15,180.0,0.65,0.47,0.55,0.51,1.0,170,0.16590189575195316,149.77999877929688,calls,0.015044287299358671
WMT231215C00185000,WMT,2023-06-05 13:35:34,2023-12-15,185.0,0.35,0.26,0.32,0.29000000000000004,31.0,184,0.16553568847656253,149.77999877929688,calls,0.015044287299358671
WMT231215C00190000,WMT,2023-06-01 17:52:30,2023-12-15,190.0,0.18,0.14,0.2,0.17,1.0,69,0.16773293212890628,149.77999877929688,calls,0.015044287299358671
WMT231215C00195000,WMT,2023-05-24 13:54:40,2023-12-15,195.0,0.13,0.08,0.13,0.10500000000000001,2.0,1,0.17115086669921875,149.77999877929688,calls,0.015044287299358671
WMT231215C00200000,WMT,2023-05-16 15:56:47,2023-12-15,200.0,0.21,0.05,0.09,0.07,5.0,7,0.1757894921875,149.77999877929688,calls,0.015044287299358671
WMT231215C00210000,WMT,2023-05-26 18:18:32,2023-12-15,210.0,0.04,0.01,0.06,0.034999999999999996,7.0,11,0.19043778320312502,149.77999877929688,calls,0.015044287299358671
WMT231215P00075000,WMT,2023-06-02 15:04:47,2023-12-15,75.0,0.14,0.06,0.11,0.08499999999999999,1.0,22,0.411138701171875,149.77999877929688,puts,0.015044287299358671
WMT231215P00080000,WMT,2023-05-24 13:31:46,2023-12-15,80.0,0.2,0.09,0.15,0.12,2.0,20,0.39160764648437496,149.77999877929688,puts,0.015044287299358671
WMT231215P00085000,WMT,2023-05-11 19:40:14,2023-12-15,85.0,0.3,0.14,0.2,0.17,2.0,6,0.372076591796875,149.77999877929688,puts,0.015044287299358671
WMT231215P00090000,WMT,2023-05-30 14:35:33,2023-12-15,90.0,0.38,0.2,0.23,0.21500000000000002,1.0,48,0.34570966796874997,149.77999877929688,puts,0.015044287299358671
WMT231215P00095000,WMT,2023-05-16 19:06:14,2023-12-15,95.0,0.55,0.28,0.34,0.31000000000000005,2.0,17,0.33399103515625,149.77999877929688,puts,0.015044287299358671
WMT231215P00100000,WMT,2023-06-01 19:53:06,2023-12-15,100.0,0.57,0.37,0.44,0.405,2.0,170,0.3154365332031249,149.77999877929688,puts,0.015044287299358671
WMT231215P00105000,WMT,2023-06-06 15:22:14,2023-12-15,105.0,0.57,0.5,0.57,0.5349999999999999,3.0,22,0.29761444580078117,149.77999877929688,puts,0.015044287299358671
WMT231215P00110000,WMT,2023-05-22 14:00:52,2023-12-15,110.0,0.94,0.67,0.73,0.7,3.0,65,0.2795482202148437,149.77999877929688,puts,0.015044287299358671
WMT231215P00115000,WMT,2023-06-06 17:07:11,2023-12-15,115.0,0.97,0.89,0.94,0.915,2.0,225,0.26197027099609377,149.77999877929688,puts,0.015044287299358671
WMT231215P00120000,WMT,2023-06-02 17:07:10,2023-12-15,120.0,1.52,1.15,1.25,1.2,1.0,180,0.2467116345214844,149.77999877929688,puts,0.015044287299358671
WMT231215P00125000,WMT,2023-06-06 13:30:04,2023-12-15,125.0,1.7,1.53,1.62,1.5750000000000002,6.0,380,0.22980506530761718,149.77999877929688,puts,0.015044287299358671
WMT231215P00130000,WMT,2023-06-06 19:55:15,2023-12-15,130.0,2.05,2.02,2.13,2.075,9.0,621,0.21381401428222657,149.77999877929688,puts,0.015044287299358671
WMT231215P00135000,WMT,2023-06-06 18:01:39,2023-12-15,135.0,2.99,2.69,2.83,2.76,3.0,119,0.19849434326171872,149.77999877929688,puts,0.015044287299358671
WMT231215P00140000,WMT,2023-06-05 19:50:07,2023-12-15,140.0,3.8,3.6,3.7,3.6500000000000004,61.0,355,0.18134363586425778,149.77999877929688,puts,0.015044287299358671
WMT231215P00145000,WMT,2023-06-06 13:59:18,2023-12-15,145.0,5.4,4.8,4.95,4.875,1.0,771,0.16590189575195316,149.77999877929688,puts,0.015044287299358671
WMT231215P00150000,WMT,2023-06-06 13:32:01,2023-12-15,150.0,6.85,6.5,6.65,6.575,5.0,428,0.15058222473144534,149.77999877929688,puts,0.015044287299358671
WMT231215P00155000,WMT,2023-06-06 15:35:11,2023-12-15,155.0,9.25,8.75,9.0,8.875,1.0,331,0.1366968655395508,149.77999877929688,puts,0.015044287299358671
WMT231215P00160000,WMT,2023-06-06 16:02:45,2023-12-15,160.0,12.45,11.65,12.0,11.825,2.0,90,0.12104150451660156,149.77999877929688,puts,0.015044287299358671
WMT231215P00165000,WMT,2023-06-01 14:55:05,2023-12-15,165.0,18.5,15.35,15.8,15.575,3.0,16,0.10511148803710937,149.77999877929688,puts,0.015044287299358671
WMT231215P00170000,WMT,2023-05-17 13:50:37,2023-12-15,170.0,20.95,19.95,20.45,20.2,1.0,0,0.10425700439453123,149.77999877929688,puts,0.015044287299358671
WMT240119C00060000,WMT,2023-03-29 19:55:04,2024-01-19,60.0,85.2,91.35,92.05,91.69999999999999,9.0,356,0.8005391040039063,149.77999877929688,calls,0.015044287299358671
WMT240119C00065000,WMT,2023-04-24 19:24:48,2024-01-19,65.0,88.81,83.65,84.5,84.075,1.0,67,1.0000000000000003e-05,149.77999877929688,calls,0.015044287299358671
WMT240119C00070000,WMT,2023-05-25 19:24:07,2024-01-19,70.0,77.87,80.85,81.45,81.15,2.0,58,0.6293982373046876,149.77999877929688,calls,0.015044287299358671
WMT240119C00075000,WMT,2023-05-26 14:22:10,2024-01-19,75.0,72.97,76.0,76.65,76.325,1.0,155,0.5959513061523438,149.77999877929688,calls,0.015044287299358671
WMT240119C00080000,WMT,2023-03-24 16:15:57,2024-01-19,80.0,64.35,72.8,74.05,73.425,1.0,51,0.6914093359375001,149.77999877929688,calls,0.015044287299358671
WMT240119C00085000,WMT,2023-05-30 14:16:03,2024-01-19,85.0,63.9,66.4,67.0,66.7,3.0,36,0.5314988256835937,149.77999877929688,calls,0.015044287299358671
WMT240119C00090000,WMT,2023-03-14 13:50:55,2024-01-19,90.0,50.0,61.35,62.15,61.75,4.0,52,0.5158739819335938,149.77999877929688,calls,0.015044287299358671
WMT240119C00095000,WMT,2023-04-05 18:18:34,2024-01-19,95.0,57.3,59.1,60.05,59.575,2.0,75,0.5911295770263674,149.77999877929688,calls,0.015044287299358671
WMT240119C00100000,WMT,2023-06-05 14:40:11,2024-01-19,100.0,53.0,52.2,52.8,52.5,2.0,531,0.4630180651855469,149.77999877929688,calls,0.015044287299358671
WMT240119C00105000,WMT,2023-05-04 18:03:49,2024-01-19,105.0,48.8,46.65,47.25,46.95,3.0,562,0.39465937377929694,149.77999877929688,calls,0.015044287299358671
WMT240119C00110000,WMT,2023-06-02 15:17:39,2024-01-19,110.0,42.35,42.8,43.55,43.175,1.0,543,0.41022318298339844,149.77999877929688,calls,0.015044287299358671
WMT240119C00115000,WMT,2023-05-30 13:41:34,2024-01-19,115.0,35.25,38.2,38.85,38.525000000000006,2.0,1453,0.37946177185058594,149.77999877929688,calls,0.015044287299358671
WMT240119C00120000,WMT,2023-06-05 19:56:39,2024-01-19,120.0,34.31,33.8,34.3,34.05,1.0,376,0.3530338134765625,149.77999877929688,calls,0.015044287299358671
WMT240119C00125000,WMT,2023-06-06 18:52:07,2024-01-19,125.0,29.0,29.5,29.8,29.65,1.0,1142,0.3264837860107421,149.77999877929688,calls,0.015044287299358671
WMT240119C00130000,WMT,2023-06-06 19:44:20,2024-01-19,130.0,25.24,25.1,25.45,25.275,1.0,1368,0.3021920367431641,149.77999877929688,calls,0.015044287299358671
WMT240119C00135000,WMT,2023-06-06 19:44:20,2024-01-19,135.0,21.11,21.1,21.3,21.200000000000003,1.0,2741,0.2802196002197265,149.77999877929688,calls,0.015044287299358671
WMT240119C00140000,WMT,2023-06-05 15:34:13,2024-01-19,140.0,17.9,17.0,17.4,17.2,4.0,2108,0.2603833728027344,149.77999877929688,calls,0.015044287299358671
WMT240119C00145000,WMT,2023-06-06 15:31:30,2024-01-19,145.0,13.5,13.55,13.8,13.675,20.0,3750,0.24231714721679687,149.77999877929688,calls,0.015044287299358671
WMT240119C00150000,WMT,2023-06-06 19:33:54,2024-01-19,150.0,10.15,10.25,10.45,10.35,563.0,3942,0.22364057617187497,149.77999877929688,calls,0.015044287299358671
WMT240119C00155000,WMT,2023-06-06 19:53:48,2024-01-19,155.0,7.51,7.45,7.75,7.6,103.0,5418,0.211372632446289,149.77999877929688,calls,0.015044287299358671
WMT240119C00160000,WMT,2023-06-06 19:12:38,2024-01-19,160.0,5.0,5.05,5.35,5.199999999999999,40.0,5004,0.19690744506835936,149.77999877929688,calls,0.015044287299358671
WMT240119C00165000,WMT,2023-06-06 18:13:28,2024-01-19,165.0,3.2,3.3,3.45,3.375,61.0,5640,0.18378501770019529,149.77999877929688,calls,0.015044287299358671
WMT240119C00170000,WMT,2023-06-06 19:47:12,2024-01-19,170.0,2.07,2.07,2.18,2.125,22.0,3999,0.17585052673339846,149.77999877929688,calls,0.015044287299358671
WMT240119C00175000,WMT,2023-06-06 13:37:14,2024-01-19,175.0,1.31,1.21,1.3,1.255,7.0,5828,0.16895362304687503,149.77999877929688,calls,0.015044287299358671
WMT240119C00180000,WMT,2023-06-05 15:55:09,2024-01-19,180.0,0.82,0.72,0.77,0.745,6.0,1784,0.165047412109375,149.77999877929688,calls,0.015044287299358671
WMT240119C00185000,WMT,2023-06-06 19:08:52,2024-01-19,185.0,0.42,0.41,0.46,0.435,281.0,1170,0.16346051391601565,149.77999877929688,calls,0.015044287299358671
WMT240119C00190000,WMT,2023-06-05 13:39:51,2024-01-19,190.0,0.34,0.23,0.3,0.265,1.0,1244,0.16553568847656253,149.77999877929688,calls,0.015044287299358671
WMT240119C00195000,WMT,2023-06-05 19:59:08,2024-01-19,195.0,0.19,0.15,0.17,0.16,11.0,460,0.1638267211914063,149.77999877929688,calls,0.015044287299358671
WMT240119C00200000,WMT,2023-06-05 17:28:13,2024-01-19,200.0,0.14,0.1,0.12,0.11,1.0,4242,0.16797707031250003,149.77999877929688,calls,0.015044287299358671
WMT240119C00210000,WMT,2023-05-31 15:36:44,2024-01-19,210.0,0.07,0.06,0.07,0.065,6.0,266,0.178719150390625,149.77999877929688,calls,0.015044287299358671
WMT240119C00220000,WMT,2023-06-05 17:33:14,2024-01-19,220.0,0.05,0.03,0.05,0.04,28.0,751,0.192390888671875,149.77999877929688,calls,0.015044287299358671
WMT240119C00230000,WMT,2023-06-06 15:31:07,2024-01-19,230.0,0.04,0.03,0.04,0.035,30.0,1171,0.20606262695312497,149.77999877929688,calls,0.015044287299358671
WMT240119P00060000,WMT,2023-06-06 15:57:16,2024-01-19,60.0,0.05,0.03,0.07,0.05,15.0,440,0.46484910156250003,149.77999877929688,puts,0.015044287299358671
WMT240119P00065000,WMT,2023-05-31 14:24:40,2024-01-19,65.0,0.1,0.05,0.06,0.055,25.0,225,0.41797457031249996,149.77999877929688,puts,0.015044287299358671
WMT240119P00070000,WMT,2023-06-05 17:06:02,2024-01-19,70.0,0.09,0.06,0.09,0.075,5.0,408,0.4023497265625,149.77999877929688,puts,0.015044287299358671
WMT240119P00075000,WMT,2023-06-06 14:40:31,2024-01-19,75.0,0.14,0.11,0.12,0.11499999999999999,4.0,297,0.38233039550781245,149.77999877929688,puts,0.015044287299358671
WMT240119P00080000,WMT,2023-06-05 17:04:40,2024-01-19,80.0,0.19,0.16,0.17,0.165,5.0,221,0.3667055517578125,149.77999877929688,puts,0.015044287299358671
WMT240119P00085000,WMT,2023-06-06 19:55:33,2024-01-19,85.0,0.22,0.21,0.23,0.22,2.0,289,0.34961587890624996,149.77999877929688,puts,0.015044287299358671
WMT240119P00090000,WMT,2023-06-06 19:50:45,2024-01-19,90.0,0.3,0.26,0.3,0.28,9.0,3176,0.3320379296875,149.77999877929688,puts,0.015044287299358671
WMT240119P00095000,WMT,2023-06-06 14:38:50,2024-01-19,95.0,0.41,0.36,0.4,0.38,1.0,1387,0.3161689477539062,149.77999877929688,puts,0.015044287299358671
WMT240119P00100000,WMT,2023-06-05 13:30:11,2024-01-19,100.0,0.66,0.48,0.55,0.515,1.0,2258,0.30298548583984375,149.77999877929688,puts,0.015044287299358671
WMT240119P00105000,WMT,2023-06-05 14:32:02,2024-01-19,105.0,0.7,0.63,0.7,0.665,20.0,1583,0.2858958129882812,149.77999877929688,puts,0.015044287299358671
WMT240119P00110000,WMT,2023-06-05 14:37:30,2024-01-19,110.0,0.92,0.84,0.88,0.86,1.0,2518,0.26843993286132806,149.77999877929688,puts,0.015044287299358671
WMT240119P00115000,WMT,2023-06-06 18:12:51,2024-01-19,115.0,1.2,1.09,1.14,1.115,50.0,4825,0.25318129638671877,149.77999877929688,puts,0.015044287299358671
WMT240119P00120000,WMT,2023-06-05 18:32:12,2024-01-19,120.0,1.54,1.41,1.47,1.44,27.0,4063,0.23786162536621092,149.77999877929688,puts,0.015044287299358671
WMT240119P00125000,WMT,2023-06-05 13:34:49,2024-01-19,125.0,2.01,1.83,1.89,1.8599999999999999,1.0,7707,0.2224198852539062,149.77999877929688,puts,0.015044287299358671
WMT240119P00130000,WMT,2023-06-06 18:12:55,2024-01-19,130.0,2.59,2.37,2.45,2.41,12.0,9757,0.20752745605468748,149.77999877929688,puts,0.015044287299358671
WMT240119P00135000,WMT,2023-06-06 19:06:52,2024-01-19,135.0,3.25,3.1,3.2,3.1500000000000004,1527.0,4871,0.19324537231445313,149.77999877929688,puts,0.015044287299358671
WMT240119P00140000,WMT,2023-06-06 19:01:36,2024-01-19,140.0,4.25,4.05,4.2,4.125,38.0,5191,0.17926846130371094,149.77999877929688,puts,0.015044287299358671
WMT240119P00145000,WMT,2023-06-06 19:44:01,2024-01-19,145.0,5.4,5.3,5.5,5.4,968.0,3402,0.16492534301757814,149.77999877929688,puts,0.015044287299358671
WMT240119P00150000,WMT,2023-06-06 19:22:33,2024-01-19,150.0,7.2,7.0,7.2,7.1,96.0,3669,0.15021601745605473,149.77999877929688,puts,0.015044287299358671
WMT240119P00155000,WMT,2023-06-06 19:38:10,2024-01-19,155.0,9.4,9.2,9.4,9.3,2.0,1926,0.13459117370605472,149.77999877929688,puts,0.015044287299358671
WMT240119P00160000,WMT,2023-06-05 18:35:20,2024-01-19,160.0,12.25,12.0,12.4,12.2,133.0,1371,0.12201805725097657,149.77999877929688,puts,0.015044287299358671
WMT240119P00165000,WMT,2023-06-02 19:25:09,2024-01-19,165.0,16.6,15.55,16.0,15.775,1.0,771,0.10523355712890625,149.77999877929688,puts,0.015044287299358671
WMT240119P00170000,WMT,2023-06-05 14:28:21,2024-01-19,170.0,19.1,19.9,20.45,20.174999999999997,1.0,7,0.09620044433593751,149.77999877929688,puts,0.015044287299358671
WMT240119P00175000,WMT,2023-05-18 16:22:12,2024-01-19,175.0,24.65,24.9,25.55,25.225,1.0,1,0.12122460815429686,149.77999877929688,puts,0.015044287299358671
WMT240119P00180000,WMT,2023-02-17 16:52:01,2024-01-19,180.0,35.02,40.35,41.1,40.725,2.0,0,0.4438837350463867,149.77999877929688,puts,0.015044287299358671
WMT240119P00185000,WMT,2023-04-19 18:48:47,2024-01-19,185.0,35.0,34.65,35.55,35.099999999999994,2.0,0,0.15406119384765626,149.77999877929688,puts,0.015044287299358671
WMT240119P00190000,WMT,2023-04-17 14:30:27,2024-01-19,190.0,40.49,39.9,41.0,40.45,1.0,0,0.20117986328124998,149.77999877929688,puts,0.015044287299358671
WMT240119P00200000,WMT,2023-02-17 15:36:18,2024-01-19,200.0,54.28,60.25,61.05,60.65,1.0,0,0.5309189974975587,149.77999877929688,puts,0.015044287299358671
WMT240119P00210000,WMT,2022-09-07 16:20:42,2024-01-19,210.0,75.8,80.65,81.35,81.0,0.0,0,0.8068866967773438,149.77999877929688,puts,0.015044287299358671
WMT240119P00220000,WMT,2023-02-15 15:04:52,2024-01-19,220.0,74.91,81.35,82.0,81.675,1.0,1,0.6363561755371094,149.77999877929688,puts,0.015044287299358671
WMT240119P00230000,WMT,2023-01-10 18:52:21,2024-01-19,230.0,85.25,88.45,89.15,88.80000000000001,2.0,0,0.5993387234497071,149.77999877929688,puts,0.015044287299358671
WMT240621C00070000,WMT,2023-05-24 18:28:29,2024-06-21,70.0,79.71,81.25,82.35,81.8,7.0,5,0.5328415856933593,149.77999877929688,calls,0.015044287299358671
WMT240621C00075000,WMT,2023-02-21 15:44:38,2024-06-21,75.0,75.75,67.05,68.45,67.75,0.0,1,1.0000000000000003e-05,149.77999877929688,calls,0.015044287299358671
WMT240621C00080000,WMT,2023-04-21 19:10:03,2024-06-21,80.0,74.14,71.9,73.6,72.75,1.0,0,0.5025074163818359,149.77999877929688,calls,0.015044287299358671
WMT240621C00085000,WMT,2023-02-22 17:04:34,2024-06-21,85.0,62.84,59.1,60.7,59.900000000000006,0.0,1,1.0000000000000003e-05,149.77999877929688,calls,0.015044287299358671
WMT240621C00090000,WMT,2023-02-10 16:04:38,2024-06-21,90.0,56.88,50.7,51.6,51.150000000000006,0.0,1,1.0000000000000003e-05,149.77999877929688,calls,0.015044287299358671
WMT240621C00095000,WMT,2023-05-17 15:28:29,2024-06-21,95.0,58.53,58.1,58.85,58.475,1.0,8,0.4313411358642578,149.77999877929688,calls,0.015044287299358671
WMT240621C00100000,WMT,2023-06-05 19:52:38,2024-06-21,100.0,54.5,53.7,54.5,54.1,1.0,11,0.4161435339355468,149.77999877929688,calls,0.015044287299358671
WMT240621C00105000,WMT,2023-05-10 16:26:50,2024-06-21,105.0,51.9,49.1,50.2,49.650000000000006,18.0,35,0.40051869018554687,149.77999877929688,calls,0.015044287299358671
WMT240621C00110000,WMT,2023-05-11 16:21:29,2024-06-21,110.0,48.5,44.8,45.65,45.224999999999994,2.0,42,0.3764710791015625,149.77999877929688,calls,0.015044287299358671
WMT240621C00115000,WMT,2023-05-25 19:53:08,2024-06-21,115.0,38.27,40.6,41.25,40.925,16.0,211,0.35559726440429684,149.77999877929688,calls,0.015044287299358671
WMT240621C00120000,WMT,2023-05-25 19:53:08,2024-06-21,120.0,34.17,36.35,36.95,36.650000000000006,16.0,229,0.3359746578979492,149.77999877929688,calls,0.015044287299358671
WMT240621C00125000,WMT,2023-06-01 19:38:03,2024-06-21,125.0,30.45,32.2,32.9,32.55,3.0,335,0.3202582623291015,149.77999877929688,calls,0.015044287299358671
WMT240621C00130000,WMT,2023-06-05 16:34:20,2024-06-21,130.0,28.74,28.35,29.0,28.675,1.0,763,0.3053963504028321,149.77999877929688,calls,0.015044287299358671
WMT240621C00135000,WMT,2023-06-05 15:36:03,2024-06-21,135.0,25.18,24.5,25.15,24.825,2.0,311,0.2890696093749999,149.77999877929688,calls,0.015044287299358671
WMT240621C00140000,WMT,2023-06-05 13:45:03,2024-06-21,140.0,22.2,20.9,21.55,21.225,1.0,139,0.2746959738159179,149.77999877929688,calls,0.015044287299358671
WMT240621C00145000,WMT,2023-06-06 14:44:32,2024-06-21,145.0,17.85,17.3,18.05,17.675,8.0,133,0.2590406127929688,149.77999877929688,calls,0.015044287299358671
WMT240621C00150000,WMT,2023-06-05 19:06:03,2024-06-21,150.0,14.87,14.3,14.9,14.600000000000001,12.0,442,0.24588766815185548,149.77999877929688,calls,0.015044287299358671
WMT240621C00155000,WMT,2023-06-06 18:12:53,2024-06-21,155.0,11.3,11.55,12.1,11.825,27.0,210,0.23459627716064452,149.77999877929688,calls,0.015044287299358671
WMT240621C00160000,WMT,2023-06-06 18:12:47,2024-06-21,160.0,8.95,9.2,9.45,9.325,13.0,627,0.22144333251953124,149.77999877929688,calls,0.015044287299358671
WMT240621C00165000,WMT,2023-06-06 18:12:51,2024-06-21,165.0,6.85,7.05,7.3,7.175,34.0,1074,0.2117998742675781,149.77999877929688,calls,0.015044287299358671
WMT240621C00170000,WMT,2023-06-06 18:52:04,2024-06-21,170.0,5.25,4.95,5.5,5.225,421.0,262,0.20319400329589843,149.77999877929688,calls,0.015044287299358671
WMT240621C00175000,WMT,2023-06-06 13:41:33,2024-06-21,175.0,4.1,3.85,4.05,3.95,8.0,365,0.1957783059692383,149.77999877929688,calls,0.015044287299358671
WMT240621C00180000,WMT,2023-05-26 16:29:34,2024-06-21,180.0,2.9,2.77,3.05,2.91,6.0,285,0.19254347503662111,149.77999877929688,calls,0.015044287299358671
WMT240621C00185000,WMT,2023-06-02 15:26:43,2024-06-21,185.0,2.12,1.95,2.14,2.045,5.0,216,0.1863484686279297,149.77999877929688,calls,0.015044287299358671
WMT240621C00190000,WMT,2023-06-01 15:56:55,2024-06-21,190.0,1.4,1.35,1.52,1.435,1.0,134,0.18274743041992186,149.77999877929688,calls,0.015044287299358671
WMT240621C00195000,WMT,2023-05-25 18:18:43,2024-06-21,195.0,1.12,0.93,1.1,1.0150000000000001,1.0,104,0.18116053222656248,149.77999877929688,calls,0.015044287299358671
WMT240621C00200000,WMT,2023-06-05 15:34:33,2024-06-21,200.0,0.69,0.63,0.78,0.7050000000000001,3.0,276,0.17932949584960936,149.77999877929688,calls,0.015044287299358671
WMT240621C00210000,WMT,2023-06-01 13:30:15,2024-06-21,210.0,0.36,0.27,0.43,0.35,60.0,47,0.18030604858398439,149.77999877929688,calls,0.015044287299358671
WMT240621C00220000,WMT,2023-06-06 15:54:47,2024-06-21,220.0,0.2,0.12,0.25,0.185,10.0,37,0.18311363769531247,149.77999877929688,calls,0.015044287299358671
WMT240621P00070000,WMT,2023-06-06 19:12:05,2024-06-21,70.0,0.3,0.22,0.42,0.32,2.0,364,0.3874572973632812,149.77999877929688,puts,0.015044287299358671
WMT240621P00075000,WMT,2023-06-06 19:15:22,2024-06-21,75.0,0.42,0.35,0.51,0.43,4.0,22,0.3679262426757813,149.77999877929688,puts,0.015044287299358671
WMT240621P00080000,WMT,2023-06-06 19:13:22,2024-06-21,80.0,0.52,0.44,0.63,0.535,2.0,7,0.3505924316406249,149.77999877929688,puts,0.015044287299358671
WMT240621P00085000,WMT,2023-06-06 19:13:27,2024-06-21,85.0,0.6,0.59,0.74,0.665,2.0,27,0.33130551513671874,149.77999877929688,puts,0.015044287299358671
WMT240621P00090000,WMT,2023-06-06 19:14:15,2024-06-21,90.0,0.78,0.71,0.93,0.8200000000000001,2.0,14,0.3171455004882812,149.77999877929688,puts,0.015044287299358671
WMT240621P00095000,WMT,2023-06-06 19:14:31,2024-06-21,95.0,1.0,0.91,1.13,1.02,2.0,108,0.3016427258300781,149.77999877929688,puts,0.015044287299358671
WMT240621P00100000,WMT,2023-05-25 17:27:20,2024-06-21,100.0,1.63,1.17,1.3,1.2349999999999999,1.0,374,0.2829661547851562,149.77999877929688,puts,0.015044287299358671
WMT240621P00105000,WMT,2023-05-25 18:02:46,2024-06-21,105.0,1.96,1.43,1.58,1.505,1.0,190,0.26856200195312496,149.77999877929688,puts,0.015044287299358671
WMT240621P00110000,WMT,2023-06-05 17:53:01,2024-06-21,110.0,1.95,1.77,1.95,1.8599999999999999,22.0,600,0.2557447473144532,149.77999877929688,puts,0.015044287299358671
WMT240621P00115000,WMT,2023-06-01 16:24:57,2024-06-21,115.0,2.75,2.19,2.47,2.33,28.0,56,0.24549094360351562,149.77999877929688,puts,0.015044287299358671
WMT240621P00120000,WMT,2023-06-05 17:14:25,2024-06-21,120.0,2.88,2.7,2.91,2.805,27.0,645,0.2298355825805664,149.77999877929688,puts,0.015044287299358671
WMT240621P00125000,WMT,2023-06-05 16:12:14,2024-06-21,125.0,3.5,3.25,3.6,3.425,24.0,326,0.21845263977050777,149.77999877929688,puts,0.015044287299358671
WMT240621P00130000,WMT,2023-06-06 19:56:27,2024-06-21,130.0,4.15,4.15,4.35,4.25,1.0,860,0.20520814331054685,149.77999877929688,puts,0.015044287299358671
WMT240621P00135000,WMT,2023-06-02 19:46:49,2024-06-21,135.0,5.48,4.95,5.35,5.15,1.0,383,0.19376416595458984,149.77999877929688,puts,0.015044287299358671
WMT240621P00140000,WMT,2023-06-06 18:52:04,2024-06-21,140.0,6.35,6.1,6.55,6.324999999999999,420.0,1472,0.18204553314208982,149.77999877929688,puts,0.015044287299358671
WMT240621P00145000,WMT,2023-05-25 16:06:16,2024-06-21,145.0,8.21,7.55,8.05,7.800000000000001,1.0,71,0.17096776306152345,149.77999877929688,puts,0.015044287299358671
WMT240621P00150000,WMT,2023-06-05 14:58:09,2024-06-21,150.0,9.6,9.3,9.9,9.600000000000001,14.0,345,0.1603477520751953,149.77999877929688,puts,0.015044287299358671
WMT240621P00155000,WMT,2023-06-05 14:58:15,2024-06-21,155.0,11.7,11.45,11.95,11.7,41.0,181,0.1466760137939453,149.77999877929688,puts,0.015044287299358671
WMT240621P00160000,WMT,2023-06-01 16:24:01,2024-06-21,160.0,16.2,14.05,14.65,14.350000000000001,4.0,146,0.13626962371826173,149.77999877929688,puts,0.015044287299358671
WMT240621P00165000,WMT,2023-06-06 18:26:13,2024-06-21,165.0,17.45,17.05,17.75,17.4,50.0,680,0.12375754180908202,149.77999877929688,puts,0.015044287299358671
WMT240621P00170000,WMT,2023-05-24 15:25:35,2024-06-21,170.0,23.83,20.6,21.05,20.825000000000003,2.0,375,0.09998458618164063,149.77999877929688,puts,0.015044287299358671
WMT240621P00175000,WMT,2023-06-05 15:22:26,2024-06-21,175.0,24.9,24.65,25.75,25.2,2.0,4,0.10389079711914062,149.77999877929688,puts,0.015044287299358671
WMT240621P00180000,WMT,2023-05-15 19:15:01,2024-06-21,180.0,28.35,29.95,30.55,30.25,0.0,0,0.10718666259765625,149.77999877929688,puts,0.015044287299358671
WMT240621P00185000,WMT,2023-05-23 18:57:06,2024-06-21,185.0,36.96,34.85,35.55,35.2,2.0,0,0.11963770996093749,149.77999877929688,puts,0.015044287299358671
WMT240621P00190000,WMT,2023-02-07 16:47:28,2024-06-21,190.0,50.6,52.0,52.65,52.325,0.0,0,0.4100705966186523,149.77999877929688,puts,0.015044287299358671
WMT240621P00200000,WMT,2023-06-06 18:32:18,2024-06-21,200.0,50.93,49.85,50.6,50.225,1.0,1,0.1573570593261719,149.77999877929688,puts,0.015044287299358671
WMT240621P00220000,WMT,2023-04-05 18:09:24,2024-06-21,220.0,70.3,67.5,69.05,68.275,0.0,0,1.0000000000000003e-05,149.77999877929688,puts,0.015044287299358671
WMT250117C00065000,WMT,2023-06-01 14:37:43,2025-01-17,65.0,83.76,86.2,87.95,87.075,10.0,23,0.5221605401611327,149.77999877929688,calls,0.015044287299358671
WMT250117C00070000,WMT,2023-05-10 13:32:47,2025-01-17,70.0,86.5,81.85,83.6,82.725,2.0,5,0.5096484582519532,149.77999877929688,calls,0.015044287299358671
WMT250117C00075000,WMT,2023-03-17 14:21:35,2025-01-17,75.0,66.95,75.85,78.2,77.025,2.0,6,0.455632885131836,149.77999877929688,calls,0.015044287299358671
WMT250117C00080000,WMT,2023-05-26 14:22:10,2025-01-17,80.0,70.97,72.85,74.35,73.6,1.0,7,0.46082082153320314,149.77999877929688,calls,0.015044287299358671
WMT250117C00085000,WMT,2023-06-05 15:19:55,2025-01-17,85.0,69.51,68.55,69.95,69.25,1.0,9,0.44385321777343745,149.77999877929688,calls,0.015044287299358671
WMT250117C00090000,WMT,2023-06-05 15:19:55,2025-01-17,90.0,65.11,64.1,65.45,64.775,1.0,54,0.4233456103515625,149.77999877929688,calls,0.015044287299358671
WMT250117C00095000,WMT,2023-05-30 19:29:44,2025-01-17,95.0,57.65,59.6,61.05,60.325,3.0,1069,0.4052183502197265,149.77999877929688,calls,0.015044287299358671
WMT250117C00100000,WMT,2023-06-02 16:44:32,2025-01-17,100.0,55.02,55.5,56.9,56.2,5.0,1196,0.39234006103515623,149.77999877929688,calls,0.015044287299358671
WMT250117C00105000,WMT,2023-05-23 16:19:12,2025-01-17,105.0,51.3,51.3,52.35,51.825,1.0,384,0.369574175415039,149.77999877929688,calls,0.015044287299358671
WMT250117C00110000,WMT,2023-05-24 18:33:59,2025-01-17,110.0,46.3,47.05,48.35,47.7,4.0,355,0.35785554260253905,149.77999877929688,calls,0.015044287299358671
WMT250117C00115000,WMT,2023-06-02 16:44:32,2025-01-17,115.0,42.52,43.15,44.6,43.875,4.0,601,0.34918863708496095,149.77999877929688,calls,0.015044287299358671
WMT250117C00120000,WMT,2023-06-02 19:06:51,2025-01-17,120.0,39.26,39.05,40.1,39.575,5.0,933,0.3257513714599609,149.77999877929688,calls,0.015044287299358671
WMT250117C00125000,WMT,2023-06-02 19:10:14,2025-01-17,125.0,35.52,35.4,36.65,36.025,3.0,131,0.319220675048828,149.77999877929688,calls,0.015044287299358671
WMT250117C00130000,WMT,2023-06-01 17:20:12,2025-01-17,130.0,30.92,31.5,32.75,32.125,2.0,385,0.3036263485717773,149.77999877929688,calls,0.015044287299358671
WMT250117C00135000,WMT,2023-06-02 15:07:44,2025-01-17,135.0,28.17,28.15,29.05,28.6,2.0,310,0.28967995483398434,149.77999877929688,calls,0.015044287299358671
WMT250117C00140000,WMT,2023-06-06 15:58:22,2025-01-17,140.0,24.8,24.3,25.7,25.0,1.0,280,0.2790599438476562,149.77999877929688,calls,0.015044287299358671
WMT250117C00145000,WMT,2023-06-05 14:22:11,2025-01-17,145.0,23.05,21.35,22.55,21.950000000000003,63.0,667,0.2692028646850586,149.77999877929688,calls,0.015044287299358671
WMT250117C00150000,WMT,2023-06-06 14:14:09,2025-01-17,150.0,19.35,18.5,19.45,18.975,13.0,2736,0.25785043914794925,149.77999877929688,calls,0.015044287299358671
WMT250117C00155000,WMT,2023-06-06 18:12:47,2025-01-17,155.0,15.7,15.3,16.75,16.025,4.0,761,0.2495344822692871,149.77999877929688,calls,0.015044287299358671
WMT250117C00160000,WMT,2023-06-06 18:12:50,2025-01-17,160.0,13.1,13.25,14.1,13.675,14.0,2234,0.23938748901367185,149.77999877929688,calls,0.015044287299358671
WMT250117C00165000,WMT,2023-06-06 18:12:51,2025-01-17,165.0,11.05,10.65,11.55,11.100000000000001,27.0,682,0.22788247711181642,149.77999877929688,calls,0.015044287299358671
WMT250117C00170000,WMT,2023-06-06 18:12:51,2025-01-17,170.0,8.6,8.75,9.8,9.275,35.0,2626,0.22434247344970698,149.77999877929688,calls,0.015044287299358671
WMT250117C00175000,WMT,2023-06-06 18:12:50,2025-01-17,175.0,7.25,7.05,8.0,7.525,40.0,361,0.21733875930786134,149.77999877929688,calls,0.015044287299358671
WMT250117C00180000,WMT,2023-05-31 13:44:34,2025-01-17,180.0,5.3,5.6,6.4,6.0,1.0,184,0.21021297607421874,149.77999877929688,calls,0.015044287299358671
WMT250117C00185000,WMT,2023-06-06 13:36:19,2025-01-17,185.0,4.9,4.7,5.1,4.9,4.0,191,0.20462831512451168,149.77999877929688,calls,0.015044287299358671
WMT250117C00190000,WMT,2023-06-02 15:10:10,2025-01-17,190.0,4.05,3.4,4.05,3.7249999999999996,32.0,839,0.20020331054687499,149.77999877929688,calls,0.015044287299358671
WMT250117C00195000,WMT,2023-06-02 15:06:46,2025-01-17,195.0,3.18,2.84,3.2,3.02,2.0,282,0.19654123779296873,149.77999877929688,calls,0.015044287299358671
WMT250117C00200000,WMT,2023-06-06 14:00:10,2025-01-17,200.0,2.3,2.11,2.47,2.29,1.0,388,0.1924214059448242,149.77999877929688,calls,0.015044287299358671
WMT250117C00210000,WMT,2023-06-06 14:04:59,2025-01-17,210.0,1.39,1.13,1.49,1.31,1.0,101,0.1873250213623047,149.77999877929688,calls,0.015044287299358671
WMT250117C00220000,WMT,2023-06-01 14:20:46,2025-01-17,220.0,0.76,0.76,0.87,0.815,6.0,107,0.1829915686035156,149.77999877929688,calls,0.015044287299358671
WMT250117C00230000,WMT,2023-06-06 16:16:52,2025-01-17,230.0,0.51,0.38,0.58,0.48,4.0,9,0.18439536315917968,149.77999877929688,calls,0.015044287299358671
WMT250117P00065000,WMT,2023-06-06 19:11:24,2025-01-17,65.0,0.58,0.43,0.66,0.545,2.0,378,0.366217275390625,149.77999877929688,puts,0.015044287299358671
WMT250117P00070000,WMT,2023-06-05 19:33:47,2025-01-17,70.0,0.67,0.56,1.01,0.785,102.0,225,0.366217275390625,149.77999877929688,puts,0.015044287299358671
WMT250117P00075000,WMT,2023-06-05 19:35:11,2025-01-17,75.0,0.81,0.55,1.15,0.85,2.0,56,0.3464420825195312,149.77999877929688,puts,0.015044287299358671
WMT250117P00080000,WMT,2023-05-31 19:30:42,2025-01-17,80.0,1.25,0.88,1.42,1.15,2.0,49,0.33386896606445315,149.77999877929688,puts,0.015044287299358671
WMT250117P00085000,WMT,2023-05-18 17:24:17,2025-01-17,85.0,1.37,1.21,1.63,1.42,4.0,29,0.31690136230468746,149.77999877929688,puts,0.015044287299358671
WMT250117P00090000,WMT,2023-06-05 13:41:22,2025-01-17,90.0,1.5,1.44,1.61,1.525,2.0,147,0.2893137475585937,149.77999877929688,puts,0.015044287299358671
WMT250117P00095000,WMT,2023-06-05 19:38:17,2025-01-17,95.0,1.78,1.64,1.92,1.7799999999999998,2.0,205,0.2765575274658203,149.77999877929688,puts,0.015044287299358671
WMT250117P00100000,WMT,2023-06-06 16:18:20,2025-01-17,100.0,2.21,2.02,2.26,2.1399999999999997,1.0,238,0.26343510009765625,149.77999877929688,puts,0.015044287299358671
WMT250117P00105000,WMT,2023-05-31 16:36:39,2025-01-17,105.0,3.07,2.39,2.72,2.555,1.0,682,0.25263198547363286,149.77999877929688,puts,0.015044287299358671
WMT250117P00110000,WMT,2023-06-02 13:30:04,2025-01-17,110.0,3.2,2.75,3.2,2.975,5.0,767,0.24051662811279295,149.77999877929688,puts,0.015044287299358671
WMT250117P00115000,WMT,2023-06-05 13:50:57,2025-01-17,115.0,3.65,3.4,3.75,3.575,1.0,189,0.22846230529785155,149.77999877929688,puts,0.015044287299358671
WMT250117P00120000,WMT,2023-06-05 13:30:09,2025-01-17,120.0,4.7,4.05,4.55,4.3,1.0,321,0.21991746887207028,149.77999877929688,puts,0.015044287299358671
WMT250117P00125000,WMT,2023-06-06 16:18:20,2025-01-17,125.0,5.28,4.8,5.45,5.125,21.0,378,0.21073176971435548,149.77999877929688,puts,0.015044287299358671
WMT250117P00130000,WMT,2023-06-02 14:44:16,2025-01-17,130.0,6.9,5.8,6.45,6.125,1.0,210,0.20081365600585935,149.77999877929688,puts,0.015044287299358671
WMT250117P00135000,WMT,2023-06-06 19:54:41,2025-01-17,135.0,7.15,6.9,7.45,7.175000000000001,24.0,686,0.18845416046142577,149.77999877929688,puts,0.015044287299358671
WMT250117P00140000,WMT,2023-06-02 16:49:00,2025-01-17,140.0,9.35,8.2,8.8,8.5,4.0,2311,0.178719150390625,149.77999877929688,puts,0.015044287299358671
WMT250117P00145000,WMT,2023-06-02 17:28:00,2025-01-17,145.0,10.84,9.7,10.3,10.0,184.0,1022,0.16800758758544926,149.77999877929688,puts,0.015044287299358671
WMT250117P00150000,WMT,2023-05-31 16:36:39,2025-01-17,150.0,13.78,11.45,12.4,11.925,1.0,162,0.161843098449707,149.77999877929688,puts,0.015044287299358671
WMT250117P00155000,WMT,2023-06-06 13:30:05,2025-01-17,155.0,14.2,13.55,14.65,14.100000000000001,2.0,213,0.15360343475341798,149.77999877929688,puts,0.015044287299358671
WMT250117P00160000,WMT,2023-05-24 16:14:09,2025-01-17,160.0,18.75,15.85,16.8,16.325,1.0,851,0.1394739373779297,149.77999877929688,puts,0.015044287299358671
WMT250117P00165000,WMT,2023-05-22 19:13:44,2025-01-17,165.0,20.5,18.6,19.4,19.0,5.0,623,0.1256190954589844,149.77999877929688,puts,0.015044287299358671
WMT250117P00170000,WMT,2023-05-19 18:46:13,2025-01-17,170.0,22.94,21.8,23.3,22.55,1.0,306,0.12549702636718751,149.77999877929688,puts,0.015044287299358671
WMT250117P00175000,WMT,2023-05-04 18:31:23,2025-01-17,175.0,27.15,26.4,27.3,26.85,16.0,133,0.1223842645263672,149.77999877929688,puts,0.015044287299358671
WMT250117P00180000,WMT,2023-05-16 15:15:19,2025-01-17,180.0,30.1,29.75,30.7,30.225,25.0,2,0.09308768249511719,149.77999877929688,puts,0.015044287299358671
WMT250117P00185000,WMT,2023-05-16 14:58:40,2025-01-17,185.0,34.4,34.55,35.85,35.2,7.0,0,0.10956700988769531,149.77999877929688,puts,0.015044287299358671
WMT250117P00190000,WMT,2022-11-22 15:11:37,2025-01-17,190.0,40.24,47.15,47.9,47.525,1.0,1,0.26044440734863283,149.77999877929688,puts,0.015044287299358671
WMT250117P00195000,WMT,2022-11-22 15:11:37,2025-01-17,195.0,44.25,51.85,52.9,52.375,1.0,0,0.2745128701782227,149.77999877929688,puts,0.015044287299358671
WMT250117P00200000,WMT,2023-02-21 14:50:30,2025-01-17,200.0,55.5,59.1,60.85,59.975,4.0,0,0.33267879241943366,149.77999877929688,puts,0.015044287299358671
WMT250117P00210000,WMT,2022-12-07 14:30:17,2025-01-17,210.0,59.9,63.35,67.65,65.5,0.0,0,0.3088753195190429,149.77999877929688,puts,0.015044287299358671
WMT250117P00220000,WMT,2023-05-15 14:31:22,2025-01-17,220.0,67.38,69.55,71.0,70.275,60.0,15,0.18061122131347657,149.77999877929688,puts,0.015044287299358671
WMT250117P00230000,WMT,2023-06-01 14:40:12,2025-01-17,230.0,83.45,79.45,81.55,80.5,10.0,0,0.21845263977050777,149.77999877929688,puts,0.015044287299358671
