instrumentName,lastTradeDate,expiryDate,strike,optionType,last close,bid,ask,mid,volume,openInterest,DerebitIV,yFinance_dividend_yield,ticker
ETH-9JUN23-800-C,2023-5-18,2023-6-9,800.0,calls,1839.42,1029.15549,1051.22853,1040.19201,0.0,30.0,493.99,0,ETH
ETH-9JUN23-900-C,2023-5-18,2023-6-9,900.0,calls,1839.42,928.9071,950.9801400000001,939.94362,0.0,0.0,429.645,0,ETH
ETH-9JUN23-1000-C,2023-5-18,2023-6-9,1000.0,calls,1839.42,829.57842,852.57117,841.0747950000001,0.0,0.0,384.485,0,ETH
ETH-9JUN23-1100-C,2023-5-18,2023-6-9,1100.0,calls,1839.42,729.3300300000001,752.32278,740.826405,0.0,0.0,331.335,0,ETH
ETH-9JUN23-1200-C,2023-5-18,2023-6-9,1200.0,calls,1839.42,630.0013500000001,652.9941,641.4977250000001,0.0,0.0,287.425,0,ETH
ETH-9JUN23-1300-C,2023-5-18,2023-6-9,1300.0,calls,1839.42,523.31499,552.74571,538.03035,0.0,0.0,241.74,0,ETH
ETH-9JUN23-1350-C,2023-5-18,2023-6-9,1350.0,calls,1839.42,480.08862000000005,503.08137000000005,491.584995,0.0,0.0,221.935,0,ETH
ETH-9JUN23-1400-C,2023-5-18,2023-6-9,1400.0,calls,1839.42,430.42428000000007,453.41703,441.92065500000007,0.0,0.0,202.42,0,ETH
ETH-9JUN23-1450-C,2023-5-18,2023-6-9,1450.0,calls,1839.42,379.84023,402.83298,391.336605,0.0,0.0,179.905,0,ETH
ETH-9JUN23-1500-C,2023-5-18,2023-6-9,1500.0,calls,1839.42,330.17589,353.16864000000004,341.67226500000004,0.0,0.0,161.04,0,ETH
ETH-9JUN23-1550-C,2023-5-18,2023-6-9,1550.0,calls,1839.42,280.51155,303.5043,292.007925,0.0,0.0,142.31,0,ETH
ETH-9JUN23-1600-C,2023-5-18,2023-6-9,1600.0,calls,1839.42,230.84721000000002,253.83996000000002,242.34358500000002,1.0,523.0,123.56,0,ETH
ETH-9JUN23-1650-C,2023-5-18,2023-6-9,1650.0,calls,1839.42,181.18287,204.17562,192.67924500000004,2.0,52.0,104.63,0,ETH
ETH-9JUN23-1700-C,2023-5-18,2023-6-9,1700.0,calls,1839.42,128.75940000000003,154.51128000000003,141.63534000000004,32.0,44.0,85.24,0,ETH
ETH-9JUN23-1750-C,2023-5-18,2023-6-9,1750.0,calls,1839.42,81.85419,104.84694,93.350565,4.0,400.0,64.965,0,ETH
ETH-9JUN23-1750-P,2023-5-18,2023-6-9,1750.0,puts,1839.42,0.91971,1.83942,1.3795650000000002,5880.0,13295.0,62.25,0,ETH
ETH-9JUN23-1775-P,2023-6-7,2023-6-9,1775.0,puts,1839.42,0.91971,2.7591300000000003,1.83942,343.0,338.0,50.865,0,ETH
ETH-9JUN23-1800-C,2023-5-18,2023-6-9,1800.0,calls,1839.42,34.02927,57.022020000000005,45.525645000000004,118.0,4008.0,45.665,0,ETH
ETH-9JUN23-1800-P,2023-5-18,2023-6-9,1800.0,puts,1839.42,1.83942,3.67884,2.7591300000000003,10288.0,19063.0,40.42,0,ETH
ETH-9JUN23-1825-C,2023-6-7,2023-6-9,1825.0,calls,1839.42,14.71536,29.43072,22.073040000000002,305.0,304.0,28.8,0,ETH
ETH-9JUN23-1825-P,2023-6-7,2023-6-9,1825.0,puts,1839.42,6.43797,7.35768,6.897825,1368.0,1049.0,35.11,0,ETH
ETH-9JUN23-1850-C,2023-5-18,2023-6-9,1850.0,calls,1839.42,6.43797,8.27739,7.35768,2036.0,16759.0,31.689999999999998,0,ETH
ETH-9JUN23-1850-P,2023-5-18,2023-6-9,1850.0,puts,1839.42,15.635070000000002,19.313910000000003,17.474490000000003,5645.0,8750.0,31.285000000000004,0,ETH
ETH-9JUN23-1875-C,2023-6-7,2023-6-9,1875.0,calls,1839.42,1.83942,2.7591300000000003,2.299275,1432.0,1159.0,34.575,0,ETH
ETH-10JUN23-1700-P,2023-6-7,2023-6-10,1700.0,puts,1839.42,0.91971,1.83942,1.3795650000000002,254.0,228.0,62.55,0,ETH
ETH-10JUN23-1750-P,2023-6-7,2023-6-10,1750.0,puts,1839.42,1.83942,2.7591300000000003,2.299275,1470.0,1276.0,48.834999999999994,0,ETH
ETH-10JUN23-1800-P,2023-6-7,2023-6-10,1800.0,puts,1839.42,5.518260000000001,6.43797,5.978115000000001,1229.0,1235.0,37.67,0,ETH
ETH-10JUN23-1825-C,2023-6-7,2023-6-10,1825.0,calls,1839.42,26.671590000000002,29.43072,28.051155,59.0,57.0,37.0,0,ETH
ETH-10JUN23-1825-P,2023-6-7,2023-6-10,1825.0,puts,1839.42,11.036520000000001,11.95623,11.496375,277.0,202.0,33.865,0,ETH
ETH-10JUN23-1850-C,2023-6-7,2023-6-10,1850.0,calls,1839.42,11.95623,13.79565,12.87594,184.0,148.0,32.585,0,ETH
ETH-10JUN23-1850-P,2023-6-7,2023-6-10,1850.0,puts,1839.42,21.15333,23.91246,22.532895000000003,193.0,172.0,31.840000000000003,0,ETH
ETH-10JUN23-1875-C,2023-6-7,2023-6-10,1875.0,calls,1839.42,5.518260000000001,6.43797,5.978115000000001,226.0,199.0,34.215,0,ETH
ETH-10JUN23-1900-C,2023-6-7,2023-6-10,1900.0,calls,1839.42,2.7591300000000003,3.67884,3.218985,397.0,350.0,38.269999999999996,0,ETH
ETH-10JUN23-1900-P,2023-6-7,2023-6-10,1900.0,puts,1839.42,13.79565,82.7739,48.284775,0.0,0.0,43.22,0,ETH
ETH-10JUN23-1925-C,2023-6-7,2023-6-10,1925.0,calls,1839.42,0.91971,1.83942,1.3795650000000002,581.0,584.0,39.445,0,ETH
ETH-10JUN23-1950-C,2023-6-7,2023-6-10,1950.0,calls,1839.42,0.91971,1.83942,1.3795650000000002,361.0,309.0,48.075,0,ETH
ETH-11JUN23-1650-P,2023-6-8,2023-6-11,1650.0,puts,1839.42,0.91971,1.83942,1.3795650000000002,3.0,3.0,66.14,0,ETH
ETH-11JUN23-1700-P,2023-6-8,2023-6-11,1700.0,puts,1839.42,0.91971,1.83942,1.3795650000000002,1.0,1.0,50.765,0,ETH
ETH-11JUN23-1750-P,2023-6-8,2023-6-11,1750.0,puts,1839.42,2.7591300000000003,3.67884,3.218985,1.0,1.0,43.239999999999995,0,ETH
ETH-11JUN23-1800-P,2023-6-8,2023-6-11,1800.0,puts,1839.42,7.35768,8.27739,7.817535000000001,159.0,159.0,34.345,0,ETH
ETH-11JUN23-1825-C,2023-6-8,2023-6-11,1825.0,calls,1839.42,27.5913,31.270140000000005,29.43072,0.0,0.0,32.235,0,ETH
ETH-11JUN23-1825-P,2023-6-8,2023-6-11,1825.0,puts,1839.42,13.79565,14.71536,14.255505000000001,0.0,0.0,31.900000000000002,0,ETH
ETH-11JUN23-1850-C,2023-6-8,2023-6-11,1850.0,calls,1839.42,14.71536,16.55478,15.635070000000002,1.0,1.0,30.725,0,ETH
ETH-11JUN23-1850-P,2023-6-8,2023-6-11,1850.0,puts,1839.42,24.83217,26.671590000000002,25.75188,148.0,148.0,30.86,0,ETH
ETH-11JUN23-1875-C,2023-6-8,2023-6-11,1875.0,calls,1839.42,7.35768,8.27739,7.817535000000001,106.0,106.0,31.345,0,ETH
ETH-11JUN23-1875-P,2023-6-8,2023-6-11,1875.0,puts,1839.42,40.46724,45.9855,43.22637,1.0,1.0,31.884999999999998,0,ETH
ETH-11JUN23-1900-C,2023-6-8,2023-6-11,1900.0,calls,1839.42,3.67884,4.59855,4.138695,0.0,0.0,33.614999999999995,0,ETH
ETH-11JUN23-1950-C,2023-6-8,2023-6-11,1950.0,calls,1839.42,0.91971,1.83942,1.3795650000000002,72.0,72.0,39.045,0,ETH
ETH-16JUN23-800-C,2023-5-25,2023-6-16,800.0,calls,1839.42,1030.0752000000002,1053.06795,1041.5715750000002,0.0,0.0,173.365,0,ETH
ETH-16JUN23-900-C,2023-5-25,2023-6-16,900.0,calls,1839.42,928.9071,952.81956,940.8633300000001,0.0,0.0,150.805,0,ETH
ETH-16JUN23-1000-C,2023-5-25,2023-6-16,1000.0,calls,1839.42,830.4981300000001,853.4908800000001,841.994505,0.0,0.0,132.705,0,ETH
ETH-16JUN23-1100-C,2023-5-25,2023-6-16,1100.0,calls,1839.42,730.2497400000001,753.24249,741.746115,0.0,0.0,114.3,0,ETH
ETH-16JUN23-1200-C,2023-5-25,2023-6-16,1200.0,calls,1839.42,630.9210600000001,653.91381,642.4174350000001,0.0,0.0,99.02,0,ETH
ETH-16JUN23-1300-C,2023-5-25,2023-6-16,1300.0,calls,1839.42,526.99383,554.58513,540.78948,0.0,0.0,84.59,0,ETH
ETH-16JUN23-1350-C,2023-5-25,2023-6-16,1350.0,calls,1839.42,481.92804000000007,504.92079000000007,493.424415,0.0,0.0,77.635,0,ETH
ETH-16JUN23-1400-C,2023-5-25,2023-6-16,1400.0,calls,1839.42,432.2637,455.25645000000003,443.76007500000003,0.0,0.0,70.805,0,ETH
ETH-16JUN23-1450-C,2023-5-25,2023-6-16,1450.0,calls,1839.42,382.59936,405.59211,394.095735,0.0,0.0,64.065,0,ETH
ETH-16JUN23-1450-P,2023-5-25,2023-6-16,1450.0,puts,1839.42,0.91971,1.83942,1.3795650000000002,56.0,393.0,78.28,0,ETH
ETH-16JUN23-1500-C,2023-5-25,2023-6-16,1500.0,calls,1839.42,332.93502,355.92777,344.431395,0.0,0.0,57.415,0,ETH
ETH-16JUN23-1500-P,2023-5-25,2023-6-16,1500.0,puts,1839.42,0.91971,1.83942,1.3795650000000002,103.0,1268.0,68.57,0,ETH
ETH-16JUN23-1550-C,2023-5-25,2023-6-16,1550.0,calls,1839.42,284.19039000000004,307.18314000000004,295.68676500000004,0.0,0.0,51.68,0,ETH
ETH-16JUN23-1550-P,2023-5-25,2023-6-16,1550.0,puts,1839.42,1.83942,2.7591300000000003,2.299275,1.0,327.0,64.66,0,ETH
ETH-16JUN23-1600-C,2023-5-25,2023-6-16,1600.0,calls,1839.42,234.52605000000003,257.51880000000006,246.02242500000003,10.0,10.0,44.975,0,ETH
ETH-16JUN23-1600-P,2023-5-25,2023-6-16,1600.0,puts,1839.42,2.7591300000000003,3.67884,3.218985,34.0,844.0,58.379999999999995,0,ETH
ETH-16JUN23-1650-C,2023-5-25,2023-6-16,1650.0,calls,1839.42,186.70113,209.69388,198.19750500000004,0.0,0.0,39.63,0,ETH
ETH-16JUN23-1650-P,2023-5-25,2023-6-16,1650.0,puts,1839.42,4.59855,5.518260000000001,5.058405,106.0,1626.0,53.17,0,ETH
ETH-16JUN23-1700-C,2023-5-25,2023-6-16,1700.0,calls,1839.42,139.79592,162.78867,151.292295,11.0,21.0,34.405,0,ETH
ETH-16JUN23-1700-P,2023-5-25,2023-6-16,1700.0,puts,1839.42,6.43797,8.27739,7.35768,1377.0,5798.0,46.45,0,ETH
ETH-16JUN23-1750-C,2023-5-25,2023-6-16,1750.0,calls,1839.42,94.73013,110.3652,102.547665,0.0,511.0,39.31,0,ETH
ETH-16JUN23-1750-P,2023-5-25,2023-6-16,1750.0,puts,1839.42,11.95623,13.79565,12.87594,6184.0,12357.0,41.879999999999995,0,ETH
ETH-16JUN23-1800-C,2023-5-25,2023-6-16,1800.0,calls,1839.42,63.459990000000005,68.05854,65.75926500000001,239.0,1541.0,39.575,0,ETH
ETH-16JUN23-1800-P,2023-5-25,2023-6-16,1800.0,puts,1839.42,22.99275,24.83217,23.912460000000003,5741.0,9977.0,38.44,0,ETH
ETH-16JUN23-1850-C,2023-5-25,2023-6-16,1850.0,calls,1839.42,34.02927,36.7884,35.408835,994.0,2547.0,36.769999999999996,0,ETH
ETH-16JUN23-1850-P,2023-5-25,2023-6-16,1850.0,puts,1839.42,44.146080000000005,45.9855,45.06579000000001,1708.0,5491.0,37.14,0,ETH
ETH-16JUN23-1900-C,2023-5-25,2023-6-16,1900.0,calls,1839.42,16.55478,18.3942,17.47449,2662.0,13829.0,36.715,0,ETH
ETH-16JUN23-1900-P,2023-5-25,2023-6-16,1900.0,puts,1839.42,72.65709,79.09506,75.876075,475.0,2367.0,35.805,0,ETH
ETH-16JUN23-1950-C,2023-5-25,2023-6-16,1950.0,calls,1839.42,7.35768,9.1971,8.27739,425.0,8989.0,37.855000000000004,0,ETH
ETH-16JUN23-2000-C,2023-5-25,2023-6-16,2000.0,calls,1839.42,4.59855,5.518260000000001,5.058405,2387.0,23311.0,42.195,0,ETH
ETH-16JUN23-2050-C,2023-5-29,2023-6-16,2050.0,calls,1839.42,2.7591300000000003,3.67884,3.218985,3.0,4444.0,46.17,0,ETH
ETH-16JUN23-2100-C,2023-5-25,2023-6-16,2100.0,calls,1839.42,1.83942,2.7591300000000003,2.299275,228.0,6918.0,50.59,0,ETH
ETH-16JUN23-2200-C,2023-5-25,2023-6-16,2200.0,calls,1839.42,0.91971,1.83942,1.3795650000000002,219.0,2384.0,59.215,0,ETH
ETH-23JUN23-800-C,2023-6-1,2023-6-23,800.0,calls,1839.42,1030.0752000000002,1053.06795,1041.5715750000002,0.0,0.0,126.465,0,ETH
ETH-23JUN23-900-C,2023-6-1,2023-6-23,900.0,calls,1839.42,928.9071,952.81956,940.8633300000001,0.0,0.0,110.025,0,ETH
ETH-23JUN23-1000-C,2023-6-1,2023-6-23,1000.0,calls,1839.42,830.4981300000001,853.4908800000001,841.994505,0.0,0.0,96.83,0,ETH
ETH-23JUN23-1100-C,2023-6-1,2023-6-23,1100.0,calls,1839.42,731.1694500000001,754.1622,742.665825,0.0,0.0,84.46,0,ETH
ETH-23JUN23-1200-C,2023-6-1,2023-6-23,1200.0,calls,1839.42,631.84077,654.83352,643.3371450000001,0.0,0.0,73.175,0,ETH
ETH-23JUN23-1200-P,2023-6-1,2023-6-23,1200.0,puts,1839.42,0.91971,1.83942,1.3795650000000002,0.0,623.0,95.405,0,ETH
ETH-23JUN23-1300-C,2023-6-1,2023-6-23,1300.0,calls,1839.42,524.2347,555.5048400000001,539.86977,0.0,0.0,62.545,0,ETH
ETH-23JUN23-1300-P,2023-6-1,2023-6-23,1300.0,puts,1839.42,0.91971,2.7591300000000003,1.83942,0.0,451.0,82.105,0,ETH
ETH-23JUN23-1400-C,2023-6-1,2023-6-23,1400.0,calls,1839.42,429.50457000000006,452.49732,441.00094500000006,0.0,0.0,48.875,0,ETH
ETH-23JUN23-1400-P,2023-6-1,2023-6-23,1400.0,puts,1839.42,1.83942,3.67884,2.7591300000000003,6.0,139.0,71.77000000000001,0,ETH
ETH-23JUN23-1450-C,2023-6-1,2023-6-23,1450.0,calls,1839.42,384.43878,407.43153,395.935155,0.0,0.0,48.155,0,ETH
ETH-23JUN23-1450-P,2023-6-1,2023-6-23,1450.0,puts,1839.42,2.7591300000000003,3.67884,3.218985,0.0,301.0,66.0,0,ETH
ETH-23JUN23-1500-C,2023-6-1,2023-6-23,1500.0,calls,1839.42,335.69415,354.08835000000005,344.89125,0.0,0.0,40.3,0,ETH
ETH-23JUN23-1500-P,2023-6-1,2023-6-23,1500.0,puts,1839.42,3.67884,4.59855,4.138695,15.0,238.0,61.004999999999995,0,ETH
ETH-23JUN23-1550-C,2023-6-1,2023-6-23,1550.0,calls,1839.42,282.35097,309.94227,296.14662000000004,0.0,0.0,39.47,0,ETH
ETH-23JUN23-1550-P,2023-6-1,2023-6-23,1550.0,puts,1839.42,4.59855,6.43797,5.518260000000001,118.0,1348.0,56.269999999999996,0,ETH
ETH-23JUN23-1600-C,2023-6-1,2023-6-23,1600.0,calls,1839.42,239.12460000000002,260.27792999999997,249.70126499999998,0.0,0.0,34.435,0,ETH
ETH-23JUN23-1600-P,2023-6-1,2023-6-23,1600.0,puts,1839.42,6.43797,7.35768,6.897825,3.0,713.0,50.65,0,ETH
ETH-23JUN23-1650-C,2023-6-1,2023-6-23,1650.0,calls,1839.42,192.21939,215.21214000000003,203.715765,0.0,0.0,46.825,0,ETH
ETH-23JUN23-1650-P,2023-6-1,2023-6-23,1650.0,puts,1839.42,9.1971,10.11681,9.656955,14.0,517.0,46.18,0,ETH
ETH-23JUN23-1700-C,2023-6-1,2023-6-23,1700.0,calls,1839.42,146.23389,169.22664,157.730265,0.0,0.0,43.575,0,ETH
ETH-23JUN23-1700-P,2023-6-1,2023-6-23,1700.0,puts,1839.42,13.79565,14.71536,14.255505000000001,231.0,1921.0,42.2,0,ETH
ETH-23JUN23-1750-C,2023-6-1,2023-6-23,1750.0,calls,1839.42,108.52578,116.80317000000001,112.664475,0.0,236.0,38.58,0,ETH
ETH-23JUN23-1750-P,2023-6-1,2023-6-23,1750.0,puts,1839.42,21.15333,22.073040000000002,21.613185,1114.0,4711.0,38.445,0,ETH
ETH-23JUN23-1800-C,2023-6-1,2023-6-23,1800.0,calls,1839.42,74.49651,78.17535000000001,76.33593,2.0,599.0,36.425,0,ETH
ETH-23JUN23-1800-P,2023-6-1,2023-6-23,1800.0,puts,1839.42,34.94898,36.7884,35.86869,50.0,1470.0,36.685,0,ETH
ETH-23JUN23-1850-C,2023-6-1,2023-6-23,1850.0,calls,1839.42,46.90521,49.66434,48.284775,530.0,1032.0,35.45,0,ETH
ETH-23JUN23-1850-P,2023-6-1,2023-6-23,1850.0,puts,1839.42,56.10231,58.86144,57.481875,605.0,1579.0,35.48,0,ETH
ETH-23JUN23-1900-C,2023-6-1,2023-6-23,1900.0,calls,1839.42,27.5913,29.43072,28.511010000000002,170.0,2173.0,35.084999999999994,0,ETH
ETH-23JUN23-1900-P,2023-6-1,2023-6-23,1900.0,puts,1839.42,79.09506,94.73013,86.91259500000001,0.0,841.0,34.445,0,ETH
ETH-23JUN23-1950-C,2023-6-1,2023-6-23,1950.0,calls,1839.42,15.635070000000002,17.47449,16.55478,428.0,11767.0,35.760000000000005,0,ETH
ETH-23JUN23-1950-P,2023-6-1,2023-6-23,1950.0,puts,1839.42,76.33593,173.82519000000002,125.08056000000002,21.0,99.0,36.305,0,ETH
ETH-23JUN23-2000-C,2023-6-1,2023-6-23,2000.0,calls,1839.42,9.1971,10.11681,9.656955,328.0,9008.0,36.97,0,ETH
ETH-23JUN23-2050-C,2023-6-1,2023-6-23,2050.0,calls,1839.42,6.43797,7.35768,6.897825,245.0,6147.0,40.3,0,ETH
ETH-23JUN23-2100-C,2023-6-1,2023-6-23,2100.0,calls,1839.42,3.67884,5.518260000000001,4.59855,1708.0,6263.0,42.42,0,ETH
ETH-23JUN23-2200-C,2023-6-1,2023-6-23,2200.0,calls,1839.42,2.7591300000000003,3.67884,3.218985,130.0,1021.0,50.045,0,ETH
ETH-23JUN23-2300-C,2023-6-1,2023-6-23,2300.0,calls,1839.42,0.91971,2.7591300000000003,1.83942,20.0,343.0,53.84,0,ETH
ETH-23JUN23-2400-C,2023-6-1,2023-6-23,2400.0,calls,1839.42,0.91971,1.83942,1.3795650000000002,10.0,489.0,60.209999999999994,0,ETH
ETH-30JUN23-100-C,2022-6-23,2023-6-30,100.0,calls,1839.42,1736.41248,1742.8504500000001,1739.631465,0.0,0.0,285.325,0,ETH
ETH-30JUN23-200-C,2022-6-23,2023-6-30,200.0,calls,1839.42,1637.0838,1642.6020600000002,1639.84293,0.0,0.0,209.24,0,ETH
ETH-30JUN23-300-C,2022-6-23,2023-6-30,300.0,calls,1839.42,1536.8354100000001,1542.3536700000002,1539.59454,0.0,0.0,167.445,0,ETH
ETH-30JUN23-400-C,2022-6-23,2023-6-30,400.0,calls,1839.42,1437.50673,1443.0249900000001,1440.26586,0.0,0.0,145.08,0,ETH
ETH-30JUN23-500-C,2022-6-23,2023-6-30,500.0,calls,1839.42,1337.25834,1342.7766,1340.01747,0.0,2.0,122.62,0,ETH
ETH-30JUN23-600-C,2022-6-23,2023-6-30,600.0,calls,1839.42,1237.0099500000001,1242.52821,1239.76908,0.0,39.0,104.455,0,ETH
ETH-30JUN23-700-C,2022-6-23,2023-6-30,700.0,calls,1839.42,1113.76881,1168.0317,1140.900255,0.0,15.0,141.545,0,ETH
ETH-30JUN23-800-C,2022-6-23,2023-6-30,800.0,calls,1839.42,1014.4401300000001,1067.78331,1041.11172,0.0,204.0,123.81,0,ETH
ETH-30JUN23-900-C,2022-6-23,2023-6-30,900.0,calls,1839.42,915.11145,969.3743400000001,942.242895,0.0,5.0,110.165,0,ETH
ETH-30JUN23-900-P,2022-6-23,2023-6-30,900.0,puts,1839.42,0.91971,1.83942,1.3795650000000002,20.0,4045.0,125.47,0,ETH
ETH-30JUN23-1000-C,2022-6-23,2023-6-30,1000.0,calls,1839.42,814.86306,869.12595,841.994505,2.0,144.0,96.175,0,ETH
ETH-30JUN23-1100-C,2022-6-23,2023-6-30,1100.0,calls,1839.42,715.53438,769.79727,742.665825,0.0,115.0,84.245,0,ETH
ETH-30JUN23-1100-P,2022-6-23,2023-6-30,1100.0,puts,1839.42,0.91971,1.83942,1.3795650000000002,1.0,6228.0,92.97,0,ETH
ETH-30JUN23-1200-C,2022-6-23,2023-6-30,1200.0,calls,1839.42,618.0451200000001,646.5561299999999,632.3006250000001,2.0,7795.0,50.31,0,ETH
ETH-30JUN23-1200-P,2022-6-23,2023-6-30,1200.0,puts,1839.42,1.83942,2.7591300000000003,2.299275,57.0,20726.0,85.055,0,ETH
ETH-30JUN23-1300-C,2022-6-23,2023-6-30,1300.0,calls,1839.42,531.5923799999999,552.74571,542.169045,0.0,4562.0,49.045,0,ETH
ETH-30JUN23-1300-P,2022-6-23,2023-6-30,1300.0,puts,1839.42,2.7591300000000003,3.67884,3.218985,3.0,20449.0,75.03999999999999,0,ETH
ETH-30JUN23-1400-C,2022-6-23,2023-6-30,1400.0,calls,1839.42,435.94254,454.33674,445.13964,6.0,11615.0,41.71,0,ETH
ETH-30JUN23-1400-P,2022-6-23,2023-6-30,1400.0,puts,1839.42,3.67884,5.518260000000001,4.59855,284.0,33035.0,65.265,0,ETH
ETH-30JUN23-1500-C,2022-6-30,2023-6-30,1500.0,calls,1839.42,344.89125,353.16864000000004,349.029945,24.0,11406.0,57.71000000000001,0,ETH
ETH-30JUN23-1500-P,2022-6-30,2023-6-30,1500.0,puts,1839.42,6.43797,8.27739,7.35768,748.0,50068.0,57.005,0,ETH
ETH-30JUN23-1600-C,2022-6-24,2023-6-30,1600.0,calls,1839.42,247.40199,256.59909000000005,252.00054000000003,13.0,58334.0,47.09,0,ETH
ETH-30JUN23-1600-P,2022-6-24,2023-6-30,1600.0,puts,1839.42,11.036520000000001,11.95623,11.496375,673.0,35301.0,48.019999999999996,0,ETH
ETH-30JUN23-1700-C,2022-7-18,2023-6-30,1700.0,calls,1839.42,159.10983,165.5478,162.328815,2007.0,21308.0,40.795,0,ETH
ETH-30JUN23-1700-P,2022-7-18,2023-6-30,1700.0,puts,1839.42,20.23362,22.073040000000002,21.15333,3157.0,39206.0,40.644999999999996,0,ETH
ETH-30JUN23-1750-C,2023-6-5,2023-6-30,1750.0,calls,1839.42,119.56230000000001,124.16085000000001,121.86157500000002,4.0,421.0,38.06,0,ETH
ETH-30JUN23-1750-P,2023-6-5,2023-6-30,1750.0,puts,1839.42,30.350430000000003,32.18985000000001,31.270140000000005,339.0,4003.0,38.32,0,ETH
ETH-30JUN23-1800-C,2022-7-16,2023-6-30,1800.0,calls,1839.42,85.53303,89.21187,87.37245,178.0,92796.0,36.45,0,ETH
ETH-30JUN23-1800-P,2022-7-16,2023-6-30,1800.0,puts,1839.42,45.06579000000001,47.82492,46.445355000000006,4108.0,48148.0,36.5,0,ETH
ETH-30JUN23-1850-C,2023-6-5,2023-6-30,1850.0,calls,1839.42,57.94173,60.700860000000006,59.321295000000006,395.0,5517.0,35.335,0,ETH
ETH-30JUN23-1850-P,2023-6-5,2023-6-30,1850.0,puts,1839.42,67.13883,69.89796,68.518395,1015.0,1563.0,35.480000000000004,0,ETH
ETH-30JUN23-1900-C,2022-7-20,2023-6-30,1900.0,calls,1839.42,37.708110000000005,39.54753,38.62782,8735.0,63465.0,34.91,0,ETH
ETH-30JUN23-1900-P,2022-7-20,2023-6-30,1900.0,puts,1839.42,96.56955,100.24839,98.40897,337.0,13828.0,35.455,0,ETH
ETH-30JUN23-2000-C,2022-6-23,2023-6-30,2000.0,calls,1839.42,16.55478,17.47449,17.014635,2982.0,104293.0,36.975,0,ETH
ETH-30JUN23-2000-P,2022-6-23,2023-6-30,2000.0,puts,1839.42,172.90548,178.42374,175.66461,14.0,6291.0,36.825,0,ETH
ETH-30JUN23-2100-C,2022-8-8,2023-6-30,2100.0,calls,1839.42,8.27739,9.1971,8.737245,1773.0,66163.0,40.91,0,ETH
ETH-30JUN23-2100-P,2022-8-8,2023-6-30,2100.0,puts,1839.42,263.03706,274.07358,268.55532,0.0,1472.0,41.400000000000006,0,ETH
ETH-30JUN23-2200-C,2022-7-20,2023-6-30,2200.0,calls,1839.42,5.518260000000001,6.43797,5.978115000000001,513.0,62473.0,46.775000000000006,0,ETH
ETH-30JUN23-2200-P,2022-7-20,2023-6-30,2200.0,puts,1839.42,357.76719,372.48255000000006,365.12487000000004,0.0,1155.0,28.72,0,ETH
ETH-30JUN23-2300-C,2022-8-13,2023-6-30,2300.0,calls,1839.42,3.67884,4.59855,4.138695,25.0,20766.0,51.655,0,ETH
ETH-30JUN23-2300-P,2022-8-13,2023-6-30,2300.0,puts,1839.42,453.41703,471.81123,462.61413000000005,0.0,42.0,33.28,0,ETH
ETH-30JUN23-2400-C,2022-7-28,2023-6-30,2400.0,calls,1839.42,1.83942,2.7591300000000003,2.299275,3123.0,36277.0,53.765,0,ETH
ETH-30JUN23-2400-P,2022-7-28,2023-6-30,2400.0,puts,1839.42,501.24195000000003,614.3662800000001,557.804115,0.0,548.0,57.915,0,ETH
ETH-30JUN23-2500-C,2022-6-23,2023-6-30,2500.0,calls,1839.42,1.83942,2.7591300000000003,2.299275,259.0,53243.0,60.5,0,ETH
ETH-30JUN23-2500-P,2022-6-23,2023-6-30,2500.0,puts,1839.42,0.91971,664.03062,332.475165,4.0,121.0,35.1,0,ETH
ETH-30JUN23-2600-C,2022-8-11,2023-6-30,2600.0,calls,1839.42,0.91971,1.83942,1.3795650000000002,101.0,15633.0,62.045,0,ETH
ETH-30JUN23-2700-C,2023-3-30,2023-6-30,2700.0,calls,1839.42,0.91971,1.83942,1.3795650000000002,0.0,3951.0,67.745,0,ETH
ETH-30JUN23-4000-P,2022-6-23,2023-6-30,4000.0,puts,1839.42,1936.90926,2368.25325,2152.581255,0.0,1249.0,172.52,0,ETH
ETH-30JUN23-4500-P,2022-6-24,2023-6-30,4500.0,puts,1839.42,2385.72774,2917.3201200000003,2651.5239300000003,0.0,554.0,200.915,0,ETH
ETH-30JUN23-6500-P,2022-8-11,2023-6-30,6500.0,puts,1839.42,4181.92137,5112.667890000001,4647.29463,0.0,342.0,296.765,0,ETH
ETH-28JUL23-600-C,2023-4-27,2023-7-28,600.0,calls,1839.42,1237.9296600000002,1244.36763,1241.148645,0.0,0.0,71.805,0,ETH
ETH-28JUL23-800-C,2023-4-27,2023-7-28,800.0,calls,1839.42,1031.9146200000002,1054.9073700000001,1043.4109950000002,0.0,0.0,69.57,0,ETH
ETH-28JUL23-800-P,2023-4-27,2023-7-28,800.0,puts,1839.42,0.91971,1.83942,1.3795650000000002,0.0,1136.0,95.935,0,ETH
ETH-28JUL23-900-C,2023-4-27,2023-7-28,900.0,calls,1839.42,932.58594,954.65898,943.62246,0.0,0.0,60.355,0,ETH
ETH-28JUL23-900-P,2023-4-27,2023-7-28,900.0,puts,1839.42,0.91971,2.7591300000000003,1.83942,0.0,490.0,85.91,0,ETH
ETH-28JUL23-1000-C,2023-4-27,2023-7-28,1000.0,calls,1839.42,834.1769700000001,857.1697200000001,845.673345,0.0,35.0,54.495,0,ETH
ETH-28JUL23-1000-P,2023-4-27,2023-7-28,1000.0,puts,1839.42,1.83942,3.67884,2.7591300000000003,3.0,527.0,79.37,0,ETH
ETH-28JUL23-1100-C,2023-4-27,2023-7-28,1100.0,calls,1839.42,735.768,758.76075,747.264375,0.0,0.0,48.195,0,ETH
ETH-28JUL23-1100-P,2023-4-27,2023-7-28,1100.0,puts,1839.42,2.7591300000000003,4.59855,3.67884,2.0,469.0,71.59,0,ETH
ETH-28JUL23-1200-C,2023-4-27,2023-7-28,1200.0,calls,1839.42,637.35903,660.35178,648.855405,0.0,0.0,42.235,0,ETH
ETH-28JUL23-1200-P,2023-4-27,2023-7-28,1200.0,puts,1839.42,4.59855,5.518260000000001,5.058405,0.0,520.0,64.595,0,ETH
ETH-28JUL23-1300-C,2023-4-27,2023-7-28,1300.0,calls,1839.42,539.86977,562.86252,551.366145,0.0,60.0,36.99,0,ETH
ETH-28JUL23-1300-P,2023-4-27,2023-7-28,1300.0,puts,1839.42,6.43797,8.27739,7.35768,210.0,4256.0,58.315,0,ETH
ETH-28JUL23-1400-C,2023-4-27,2023-7-28,1400.0,calls,1839.42,444.21993,467.21268000000003,455.71630500000003,0.0,0.0,49.785,0,ETH
ETH-28JUL23-1400-P,2023-4-27,2023-7-28,1400.0,puts,1839.42,10.11681,11.95623,11.036520000000001,183.0,2164.0,52.644999999999996,0,ETH
ETH-28JUL23-1500-C,2023-4-27,2023-7-28,1500.0,calls,1839.42,350.40951,373.40226,361.905885,0.0,0.0,47.3,0,ETH
ETH-28JUL23-1500-P,2023-4-27,2023-7-28,1500.0,puts,1839.42,16.55478,17.47449,17.014635,431.0,3625.0,47.41,0,ETH
ETH-28JUL23-1600-C,2023-4-27,2023-7-28,1600.0,calls,1839.42,258.43851,283.27068,270.854595,0.0,500.0,42.19,0,ETH
ETH-28JUL23-1600-P,2023-4-27,2023-7-28,1600.0,puts,1839.42,25.75188,27.5913,26.67159,129.0,6982.0,42.42,0,ETH
ETH-28JUL23-1700-C,2023-4-27,2023-7-28,1700.0,calls,1839.42,171.06606,200.49678,185.78142000000003,3.0,682.0,37.175,0,ETH
ETH-28JUL23-1700-P,2023-4-27,2023-7-28,1700.0,puts,1839.42,44.146080000000005,45.9855,45.06579000000001,2206.0,14229.0,38.835,0,ETH
ETH-28JUL23-1800-C,2023-4-27,2023-7-28,1800.0,calls,1839.42,118.64259000000001,122.32143,120.48201000000002,15.0,3653.0,36.129999999999995,0,ETH
ETH-28JUL23-1800-P,2023-4-27,2023-7-28,1800.0,puts,1839.42,76.33593,78.17535000000001,77.25564000000001,704.0,5487.0,36.485,0,ETH
ETH-28JUL23-1900-C,2023-4-27,2023-7-28,1900.0,calls,1839.42,70.81767,73.5768,72.197235,1047.0,57088.0,35.405,0,ETH
ETH-28JUL23-1900-P,2023-4-27,2023-7-28,1900.0,puts,1839.42,126.00027000000001,129.67910999999998,127.83969000000002,281.0,4792.0,35.435,0,ETH
ETH-28JUL23-2000-C,2023-4-27,2023-7-28,2000.0,calls,1839.42,41.38695,43.22637,42.30666,337.0,19283.0,35.980000000000004,0,ETH
ETH-28JUL23-2000-P,2023-4-27,2023-7-28,2000.0,puts,1839.42,194.05881,217.05156,205.555185,0.0,500.0,39.22,0,ETH
ETH-28JUL23-2100-C,2023-4-27,2023-7-28,2100.0,calls,1839.42,24.83217,26.671590000000002,25.75188,217.0,74976.0,37.614999999999995,0,ETH
ETH-28JUL23-2200-C,2023-4-27,2023-7-28,2200.0,calls,1839.42,15.635070000000002,17.47449,16.55478,635.0,26498.0,39.745000000000005,0,ETH
ETH-28JUL23-2200-P,2023-4-27,2023-7-28,2200.0,puts,1839.42,332.01531,407.43153,369.72342000000003,0.0,761.0,29.695,0,ETH
ETH-28JUL23-2300-C,2023-4-27,2023-7-28,2300.0,calls,1839.42,11.036520000000001,11.95623,11.496375,124.0,30824.0,42.33,0,ETH
ETH-28JUL23-2300-P,2023-4-27,2023-7-28,2300.0,puts,1839.42,416.62863000000004,511.3587600000001,463.99369500000006,0.0,384.0,34.735,0,ETH
ETH-28JUL23-2400-C,2023-4-27,2023-7-28,2400.0,calls,1839.42,7.35768,8.27739,7.817535000000001,503.0,19583.0,44.28,0,ETH
ETH-28JUL23-2500-C,2023-4-27,2023-7-28,2500.0,calls,1839.42,5.518260000000001,7.35768,6.43797,1.0,3598.0,47.575,0,ETH
ETH-28JUL23-2600-C,2023-4-27,2023-7-28,2600.0,calls,1839.42,3.67884,5.518260000000001,4.59855,4.0,3434.0,49.235,0,ETH
ETH-28JUL23-2700-C,2023-4-27,2023-7-28,2700.0,calls,1839.42,2.7591300000000003,4.59855,3.67884,0.0,1418.0,51.57,0,ETH
ETH-28JUL23-2800-C,2023-4-27,2023-7-28,2800.0,calls,1839.42,1.83942,3.67884,2.7591300000000003,0.0,699.0,53.065,0,ETH
ETH-28JUL23-2900-C,2023-4-27,2023-7-28,2900.0,calls,1839.42,2.7591300000000003,3.67884,3.218985,0.0,1239.0,58.269999999999996,0,ETH
ETH-28JUL23-3000-C,2023-4-27,2023-7-28,3000.0,calls,1839.42,1.83942,2.7591300000000003,2.299275,46.0,2281.0,58.93,0,ETH
ETH-28JUL23-3100-C,2023-5-5,2023-7-28,3100.0,calls,1839.42,1.83942,2.7591300000000003,2.299275,0.0,944.0,62.224999999999994,0,ETH
ETH-28JUL23-3200-C,2023-4-27,2023-7-28,3200.0,calls,1839.42,0.91971,2.7591300000000003,1.83942,0.0,306.0,62.86,0,ETH
ETH-28JUL23-3400-C,2023-4-27,2023-7-28,3400.0,calls,1839.42,0.91971,1.83942,1.3795650000000002,0.0,518.0,66.795,0,ETH
ETH-25AUG23-600-C,2023-5-25,2023-8-25,600.0,calls,1839.42,1231.49169,1254.4844400000002,1242.9880650000002,0.0,0.0,72.34,0,ETH
ETH-25AUG23-700-C,2023-5-25,2023-8-25,700.0,calls,1839.42,1132.1630100000002,1155.15576,1143.6593850000002,0.0,0.0,63.47,0,ETH
ETH-25AUG23-700-P,2023-5-25,2023-8-25,700.0,puts,1839.42,0.91971,1.83942,1.3795650000000002,0.0,146.0,88.305,0,ETH
ETH-25AUG23-800-C,2023-5-25,2023-8-25,800.0,calls,1839.42,1033.75404,1056.7467900000001,1045.2504150000002,0.0,0.0,56.605,0,ETH
ETH-25AUG23-800-P,2023-5-25,2023-8-25,800.0,puts,1839.42,1.83942,2.7591300000000003,2.299275,0.0,156.0,82.53,0,ETH
ETH-25AUG23-900-C,2023-5-25,2023-8-25,900.0,calls,1839.42,934.4253600000001,956.4984000000001,945.4618800000001,0.0,0.0,49.08,0,ETH
ETH-25AUG23-900-P,2023-5-25,2023-8-25,900.0,puts,1839.42,2.7591300000000003,3.67884,3.218985,0.0,145.0,75.495,0,ETH
ETH-25AUG23-1000-C,2023-5-25,2023-8-25,1000.0,calls,1839.42,836.9361,859.9288500000001,848.4324750000001,0.0,0.0,44.78,0,ETH
ETH-25AUG23-1000-P,2023-5-25,2023-8-25,1000.0,puts,1839.42,4.59855,5.518260000000001,5.058405,4.0,113.0,70.47999999999999,0,ETH
ETH-25AUG23-1100-C,2023-5-25,2023-8-25,1100.0,calls,1839.42,739.4468400000001,762.43959,750.943215,0.0,0.0,40.015,0,ETH
ETH-25AUG23-1100-P,2023-5-25,2023-8-25,1100.0,puts,1839.42,5.518260000000001,7.35768,6.43797,1.0,199.0,63.42,0,ETH
ETH-25AUG23-1200-C,2023-5-25,2023-8-25,1200.0,calls,1839.42,642.87729,665.87004,654.3736650000001,0.0,0.0,35.815,0,ETH
ETH-25AUG23-1200-P,2023-5-25,2023-8-25,1200.0,puts,1839.42,8.27739,10.11681,9.197099999999999,6.0,216.0,58.21,0,ETH
ETH-25AUG23-1300-C,2023-5-25,2023-8-25,1300.0,calls,1839.42,547.22745,570.2202,558.7238249999999,0.0,0.0,51.84,0,ETH
ETH-25AUG23-1300-P,2023-5-25,2023-8-25,1300.0,puts,1839.42,12.87594,13.79565,13.335795,77.0,172.0,53.485,0,ETH
ETH-25AUG23-1400-C,2023-5-25,2023-8-25,1400.0,calls,1839.42,453.41703,476.40978,464.91340500000007,0.0,0.0,48.625,0,ETH
ETH-25AUG23-1400-P,2023-5-25,2023-8-25,1400.0,puts,1839.42,18.3942,20.23362,19.31391,13.0,493.0,48.955,0,ETH
ETH-25AUG23-1500-C,2023-5-25,2023-8-25,1500.0,calls,1839.42,363.28545,386.2782,374.78182499999997,0.0,30.0,45.21,0,ETH
ETH-25AUG23-1500-P,2023-5-25,2023-8-25,1500.0,puts,1839.42,27.5913,29.43072,28.511010000000002,29.0,1321.0,44.9,0,ETH
ETH-25AUG23-1600-C,2023-5-25,2023-8-25,1600.0,calls,1839.42,274.99329,297.98604,286.489665,0.0,0.0,40.47,0,ETH
ETH-25AUG23-1600-P,2023-5-25,2023-8-25,1600.0,puts,1839.42,42.30666,44.146080000000005,43.22637,0.0,6704.0,41.495000000000005,0,ETH
ETH-25AUG23-1700-C,2023-5-25,2023-8-25,1700.0,calls,1839.42,160.94925,258.43851,209.69388,0.0,159.0,36.825,0,ETH
ETH-25AUG23-1700-P,2023-5-25,2023-8-25,1700.0,puts,1839.42,65.29941,68.05854,66.678975,3.0,1141.0,38.879999999999995,0,ETH
ETH-25AUG23-1800-C,2023-5-25,2023-8-25,1800.0,calls,1839.42,146.23389,148.99302,147.61345500000002,3.0,429.0,36.855000000000004,0,ETH
ETH-25AUG23-1800-P,2023-5-25,2023-8-25,1800.0,puts,1839.42,101.16810000000001,103.92723000000001,102.54766500000001,635.0,2364.0,37.14,0,ETH
ETH-25AUG23-1900-C,2023-5-25,2023-8-25,1900.0,calls,1839.42,99.32868,101.16810000000001,100.24839,392.0,4769.0,36.45,0,ETH
ETH-25AUG23-1900-P,2023-5-25,2023-8-25,1900.0,puts,1839.42,152.67186,156.35070000000002,154.51128000000003,296.0,997.0,36.635000000000005,0,ETH
ETH-25AUG23-2000-C,2023-5-25,2023-8-25,2000.0,calls,1839.42,65.29941,68.05854,66.678975,10.0,22429.0,36.614999999999995,0,ETH
ETH-25AUG23-2000-P,2023-5-25,2023-8-25,2000.0,puts,1839.42,172.90548,266.7159,219.81069,0.0,112.0,35.68,0,ETH
ETH-25AUG23-2100-C,2023-5-25,2023-8-25,2100.0,calls,1839.42,44.146080000000005,45.9855,45.06579000000001,244.0,3694.0,37.525,0,ETH
ETH-25AUG23-2100-P,2023-5-25,2023-8-25,2100.0,puts,1839.42,293.38749,304.42401,298.90575,0.0,0.0,37.835,0,ETH
ETH-25AUG23-2200-C,2023-5-25,2023-8-25,2200.0,calls,1839.42,31.270140000000005,32.18985000000001,31.729995000000002,177.0,10531.0,39.040000000000006,0,ETH
ETH-25AUG23-2200-P,2023-5-25,2023-8-25,2200.0,puts,1839.42,370.64313000000004,393.63588,382.139505,0.0,0.0,37.735,0,ETH
ETH-25AUG23-2300-C,2023-5-25,2023-8-25,2300.0,calls,1839.42,22.073040000000002,23.91246,22.99275,9.0,9471.0,40.685,0,ETH
ETH-25AUG23-2300-P,2023-5-25,2023-8-25,2300.0,puts,1839.42,461.69442000000004,484.68717000000004,473.190795,0.0,0.0,38.81,0,ETH
ETH-25AUG23-2400-C,2023-5-25,2023-8-25,2400.0,calls,1839.42,16.55478,18.3942,17.47449,394.0,1687.0,42.6,0,ETH
ETH-25AUG23-2400-P,2023-5-25,2023-8-25,2400.0,puts,1839.42,555.5048400000001,578.4975900000001,567.0012150000001,0.0,0.0,39.245,0,ETH
ETH-25AUG23-2500-C,2023-5-25,2023-8-25,2500.0,calls,1839.42,12.87594,14.71536,13.79565,1.0,22692.0,44.625,0,ETH
ETH-25AUG23-2500-P,2023-5-25,2023-8-25,2500.0,puts,1839.42,651.15468,674.14743,662.6510549999999,0.0,0.0,25.255,0,ETH
ETH-25AUG23-2600-C,2023-5-25,2023-8-25,2600.0,calls,1839.42,10.11681,11.95623,11.036520000000001,31.0,1805.0,46.5,0,ETH
ETH-25AUG23-2600-P,2023-5-25,2023-8-25,2600.0,puts,1839.42,752.32278,775.31553,763.819155,0.0,0.0,44.15,0,ETH
ETH-25AUG23-2700-C,2023-5-25,2023-8-25,2700.0,calls,1839.42,8.27739,10.11681,9.197099999999999,2.0,1359.0,48.519999999999996,0,ETH
ETH-25AUG23-2700-P,2023-5-25,2023-8-25,2700.0,puts,1839.42,849.81204,872.80479,861.3084150000001,0.0,0.0,29.405,0,ETH
ETH-25AUG23-2800-C,2023-5-25,2023-8-25,2800.0,calls,1839.42,6.43797,8.27739,7.35768,2.0,170.0,49.93,0,ETH
ETH-25AUG23-2800-P,2023-5-25,2023-8-25,2800.0,puts,1839.42,947.3013000000001,970.29405,958.797675,0.0,0.0,30.64,0,ETH
ETH-25AUG23-2900-C,2023-5-26,2023-8-25,2900.0,calls,1839.42,5.518260000000001,7.35768,6.43797,0.0,15.0,51.97,0,ETH
ETH-25AUG23-2900-P,2023-5-26,2023-8-25,2900.0,puts,1839.42,1045.71027,1067.78331,1056.7467900000001,0.0,0.0,31.675,0,ETH
ETH-25AUG23-3000-C,2023-5-25,2023-8-25,3000.0,calls,1839.42,4.59855,6.43797,5.518260000000001,0.0,613.0,53.64,0,ETH
ETH-25AUG23-3000-P,2023-5-25,2023-8-25,3000.0,puts,1839.42,1145.03895,1168.0317,1156.535325,0.0,0.0,33.65,0,ETH
ETH-25AUG23-3200-C,2023-5-25,2023-8-25,3200.0,calls,1839.42,2.7591300000000003,4.59855,3.67884,1.0,1111.0,55.68,0,ETH
ETH-25AUG23-3200-P,2023-5-25,2023-8-25,3200.0,puts,1839.42,1342.7766,1365.76935,1354.272975,0.0,0.0,36.275,0,ETH
ETH-25AUG23-3400-C,2023-5-25,2023-8-25,3400.0,calls,1839.42,2.7591300000000003,4.59855,3.67884,0.0,38.0,60.655,0,ETH
ETH-25AUG23-3600-C,2023-5-25,2023-8-25,3600.0,calls,1839.42,1.83942,3.67884,2.7591300000000003,45.0,61.0,62.66499999999999,0,ETH
ETH-25AUG23-3800-C,2023-5-25,2023-8-25,3800.0,calls,1839.42,1.83942,2.7591300000000003,2.299275,0.0,6.0,65.555,0,ETH
ETH-25AUG23-4000-C,2023-5-25,2023-8-25,4000.0,calls,1839.42,0.91971,2.7591300000000003,1.83942,29.0,374.0,66.94,0,ETH
ETH-25AUG23-4200-C,2023-5-29,2023-8-25,4200.0,calls,1839.42,0.91971,1.83942,1.3795650000000002,0.0,313.0,68.715,0,ETH
ETH-29SEP23-200-C,2022-9-29,2023-9-29,200.0,calls,1839.42,1613.17134,1667.43423,1640.302785,0.0,0.0,141.13,0,ETH
ETH-29SEP23-300-C,2022-9-29,2023-9-29,300.0,calls,1839.42,1514.7623700000001,1569.0252600000001,1541.893815,0.0,0.0,114.43,0,ETH
ETH-29SEP23-400-C,2022-9-29,2023-9-29,400.0,calls,1839.42,1415.43369,1469.69658,1442.565135,0.0,0.0,96.165,0,ETH
ETH-29SEP23-500-C,2022-9-29,2023-9-29,500.0,calls,1839.42,1316.10501,1370.3679,1343.2364550000002,0.0,1.0,82.655,0,ETH
ETH-29SEP23-600-C,2022-9-29,2023-9-29,600.0,calls,1839.42,1217.69604,1270.11951,1243.9077750000001,0.0,0.0,71.365,0,ETH
ETH-29SEP23-600-P,2022-9-29,2023-9-29,600.0,puts,1839.42,0.91971,2.7591300000000003,1.83942,0.0,1907.0,86.905,0,ETH
ETH-29SEP23-700-C,2022-9-29,2023-9-29,700.0,calls,1839.42,1119.28707,1173.54996,1146.4185150000003,0.0,0.0,64.07,0,ETH
ETH-29SEP23-700-P,2022-9-29,2023-9-29,700.0,puts,1839.42,2.7591300000000003,3.67884,3.218985,0.0,1704.0,82.695,0,ETH
ETH-29SEP23-800-C,2022-9-29,2023-9-29,800.0,calls,1839.42,1021.79781,1076.0607,1048.929255,0.0,10.0,57.225,0,ETH
ETH-29SEP23-800-P,2022-9-29,2023-9-29,800.0,puts,1839.42,3.67884,5.518260000000001,4.59855,0.0,2006.0,76.13499999999999,0,ETH
ETH-29SEP23-900-C,2022-9-29,2023-9-29,900.0,calls,1839.42,923.3888400000001,978.57144,950.9801400000001,0.0,0.0,51.115,0,ETH
ETH-29SEP23-900-P,2022-9-29,2023-9-29,900.0,puts,1839.42,5.518260000000001,7.35768,6.43797,0.0,1166.0,70.35499999999999,0,ETH
ETH-29SEP23-1000-C,2022-9-29,2023-9-29,1000.0,calls,1839.42,827.739,882.00189,854.870445,0.0,82.0,45.92,0,ETH
ETH-29SEP23-1000-P,2022-9-29,2023-9-29,1000.0,puts,1839.42,8.27739,10.11681,9.197099999999999,0.0,22310.0,65.44999999999999,0,ETH
ETH-29SEP23-1100-C,2022-9-29,2023-9-29,1100.0,calls,1839.42,732.0891600000001,786.35205,759.2206050000001,0.0,625.0,41.345,0,ETH
ETH-29SEP23-1100-P,2022-9-29,2023-9-29,1100.0,puts,1839.42,11.95623,13.79565,12.87594,0.0,3220.0,60.81,0,ETH
ETH-29SEP23-1200-C,2022-9-29,2023-9-29,1200.0,calls,1839.42,633.6801899999999,691.62192,662.6510549999999,0.0,4383.0,37.215,0,ETH
ETH-29SEP23-1200-P,2022-9-29,2023-9-29,1200.0,puts,1839.42,16.55478,18.3942,17.47449,76.0,7119.0,56.155,0,ETH
ETH-29SEP23-1300-C,2022-9-29,2023-9-29,1300.0,calls,1839.42,544.46832,598.73121,571.5997649999999,0.0,556.0,33.59,0,ETH
ETH-29SEP23-1300-P,2022-9-29,2023-9-29,1300.0,puts,1839.42,22.99275,24.83217,23.912460000000003,630.0,4788.0,51.94,0,ETH
ETH-29SEP23-1400-C,2022-9-29,2023-9-29,1400.0,calls,1839.42,454.33674,508.59963000000005,481.46818500000006,0.0,1431.0,46.835,0,ETH
ETH-29SEP23-1400-P,2022-9-29,2023-9-29,1400.0,puts,1839.42,32.18985000000001,34.02927,33.10956,278.0,7438.0,48.18,0,ETH
ETH-29SEP23-1500-C,2022-9-29,2023-9-29,1500.0,calls,1839.42,367.884,422.14689000000004,395.015445,0.0,1880.0,44.705,0,ETH
ETH-29SEP23-1500-P,2022-9-29,2023-9-29,1500.0,puts,1839.42,45.06579000000001,47.82492,46.445355000000006,1311.0,16514.0,44.905,0,ETH
ETH-29SEP23-1600-C,2022-9-29,2023-9-29,1600.0,calls,1839.42,282.35097,346.73067000000003,314.54082,0.0,5561.0,42.165,0,ETH
ETH-29SEP23-1600-P,2022-9-29,2023-9-29,1600.0,puts,1839.42,64.37970000000001,67.13883,65.75926500000001,132.0,7657.0,42.16,0,ETH
ETH-29SEP23-1700-C,2022-10-25,2023-9-29,1700.0,calls,1839.42,234.52605000000003,244.64286,239.58445500000002,0.0,3504.0,39.57,0,ETH
ETH-29SEP23-1700-P,2022-10-25,2023-9-29,1700.0,puts,1839.42,91.971,94.73013,93.350565,69.0,4046.0,39.980000000000004,0,ETH
ETH-29SEP23-1800-C,2022-9-29,2023-9-29,1800.0,calls,1839.42,177.50403,182.10258000000002,179.80330500000002,1016.0,12092.0,38.43,0,ETH
ETH-29SEP23-1800-P,2022-9-29,2023-9-29,1800.0,puts,1839.42,130.59882,133.35795,131.978385,1524.0,12334.0,38.525,0,ETH
ETH-29SEP23-1900-C,2022-10-29,2023-9-29,1900.0,calls,1839.42,130.59882,133.35795,131.978385,1997.0,107810.0,37.84,0,ETH
ETH-29SEP23-1900-P,2022-10-29,2023-9-29,1900.0,puts,1839.42,182.10258000000002,184.86171000000002,183.48214500000003,657.0,14080.0,37.879999999999995,0,ETH
ETH-29SEP23-2000-C,2022-9-29,2023-9-29,2000.0,calls,1839.42,94.73013,98.40897,96.56955,629.0,55673.0,37.94499999999999,0,ETH
ETH-29SEP23-2000-P,2022-9-29,2023-9-29,2000.0,puts,1839.42,221.65011,272.23416,246.94213499999998,0.0,1688.0,37.75,0,ETH
ETH-29SEP23-2100-C,2023-4-4,2023-9-29,2100.0,calls,1839.42,69.89796,72.65709,71.277525,1591.0,31132.0,38.55,0,ETH
ETH-29SEP23-2100-P,2023-4-4,2023-9-29,2100.0,puts,1839.42,309.02256000000006,332.01531,320.51893500000006,0.0,413.0,38.2,0,ETH
ETH-29SEP23-2200-C,2022-10-29,2023-9-29,2200.0,calls,1839.42,52.42347,55.1826,53.803035,2164.0,89097.0,39.59,0,ETH
ETH-29SEP23-2200-P,2022-10-29,2023-9-29,2200.0,puts,1839.42,374.32196999999996,428.58486000000005,401.453415,0.0,199.0,38.230000000000004,0,ETH
ETH-29SEP23-2300-C,2023-4-14,2023-9-29,2300.0,calls,1839.42,40.46724,43.22637,41.846805,140.0,43071.0,40.955,0,ETH
ETH-29SEP23-2300-P,2023-4-14,2023-9-29,2300.0,puts,1839.42,477.32949,500.3222400000001,488.8258650000001,0.0,755.0,39.84,0,ETH
ETH-29SEP23-2400-C,2023-4-5,2023-9-29,2400.0,calls,1839.42,32.18985000000001,34.02927,33.10956,31.0,13815.0,42.34,0,ETH
ETH-29SEP23-2400-P,2023-4-5,2023-9-29,2400.0,puts,1839.42,567.4610700000001,590.4538200000001,578.957445,0.0,2.0,40.620000000000005,0,ETH
ETH-29SEP23-2500-C,2022-9-29,2023-9-29,2500.0,calls,1839.42,25.75188,27.5913,26.67159,21.0,21822.0,43.739999999999995,0,ETH
ETH-29SEP23-2500-P,2022-9-29,2023-9-29,2500.0,puts,1839.42,645.6364199999999,699.89931,672.767865,0.0,200.0,26.76,0,ETH
ETH-29SEP23-2600-C,2023-4-14,2023-9-29,2600.0,calls,1839.42,21.15333,22.99275,22.073040000000002,55.0,14557.0,45.260000000000005,0,ETH
ETH-29SEP23-2600-P,2023-4-14,2023-9-29,2600.0,puts,1839.42,756.00162,778.99437,767.4979950000001,0.0,4.0,42.7,0,ETH
ETH-29SEP23-3000-C,2022-9-29,2023-9-29,3000.0,calls,1839.42,11.95623,13.79565,12.87594,322.0,32689.0,51.825,0,ETH
ETH-29SEP23-3000-P,2022-9-29,2023-9-29,3000.0,puts,1839.42,1127.56446,1180.9076400000001,1154.23605,0.0,70.0,32.395,0,ETH
ETH-29SEP23-3500-C,2022-9-29,2023-9-29,3500.0,calls,1839.42,6.43797,8.27739,7.35768,1.0,18037.0,58.09,0,ETH
ETH-29SEP23-4000-C,2022-9-29,2023-9-29,4000.0,calls,1839.42,3.67884,5.518260000000001,4.59855,0.0,15099.0,63.0,0,ETH
ETH-29SEP23-4500-C,2022-9-29,2023-9-29,4500.0,calls,1839.42,1.83942,3.67884,2.7591300000000003,0.0,2430.0,66.055,0,ETH
ETH-29SEP23-5000-C,2022-10-25,2023-9-29,5000.0,calls,1839.42,1.83942,3.67884,2.7591300000000003,13.0,2415.0,72.47999999999999,0,ETH
ETH-29SEP23-5500-C,2022-10-26,2023-9-29,5500.0,calls,1839.42,0.91971,2.7591300000000003,1.83942,0.0,13091.0,74.265,0,ETH
ETH-29DEC23-200-C,2022-12-29,2023-12-29,200.0,calls,1839.42,1630.64583,1653.63858,1642.1422049999999,0.0,0.0,87.485,0,ETH
ETH-29DEC23-400-C,2022-12-29,2023-12-29,400.0,calls,1839.42,1435.66731,1458.6600600000002,1447.1636850000002,0.0,8.0,62.275,0,ETH
ETH-29DEC23-400-P,2022-12-29,2023-12-29,400.0,puts,1839.42,1.83942,2.7591300000000003,2.299275,0.0,954.0,90.88499999999999,0,ETH
ETH-29DEC23-500-C,2023-4-14,2023-12-29,500.0,calls,1839.42,1338.1780500000002,1361.1708,1349.6744250000002,0.0,0.0,54.545,0,ETH
ETH-29DEC23-500-P,2023-4-14,2023-12-29,500.0,puts,1839.42,2.7591300000000003,4.59855,3.67884,0.0,947.0,83.28,0,ETH
ETH-29DEC23-600-C,2022-12-29,2023-12-29,600.0,calls,1839.42,1242.52821,1265.52096,1254.024585,0.0,40.0,49.33,0,ETH
ETH-29DEC23-600-P,2022-12-29,2023-12-29,600.0,puts,1839.42,5.518260000000001,8.27739,6.897825,0.0,3293.0,79.96000000000001,0,ETH
ETH-29DEC23-800-C,2022-12-29,2023-12-29,800.0,calls,1839.42,1051.22853,1074.22128,1062.724905,0.0,0.0,68.02,0,ETH
ETH-29DEC23-800-P,2022-12-29,2023-12-29,800.0,puts,1839.42,11.95623,14.71536,13.335795,80.0,1019.0,69.31,0,ETH
ETH-29DEC23-1000-C,2022-12-29,2023-12-29,1000.0,calls,1839.42,863.6076899999999,886.60044,875.104065,0.0,2.0,60.92,0,ETH
ETH-29DEC23-1000-P,2022-12-29,2023-12-29,1000.0,puts,1839.42,22.99275,24.83217,23.912460000000003,1.0,8401.0,60.805,0,ETH
ETH-29DEC23-1100-C,2022-12-29,2023-12-29,1100.0,calls,1839.42,772.5564,795.54915,784.0527750000001,0.0,4.0,57.61,0,ETH
ETH-29DEC23-1100-P,2022-12-29,2023-12-29,1100.0,puts,1839.42,29.43072,32.18985000000001,30.810285000000004,1.0,2937.0,56.769999999999996,0,ETH
ETH-29DEC23-1200-C,2022-12-29,2023-12-29,1200.0,calls,1839.42,682.4248200000001,705.4175700000001,693.921195,0.0,833.0,53.93,0,ETH
ETH-29DEC23-1200-P,2022-12-29,2023-12-29,1200.0,puts,1839.42,37.708110000000005,41.38695,39.54753,62.0,3399.0,53.09,0,ETH
ETH-29DEC23-1300-C,2022-12-29,2023-12-29,1300.0,calls,1839.42,595.97208,618.9648300000001,607.4684550000001,0.0,332.0,50.980000000000004,0,ETH
ETH-29DEC23-1300-P,2022-12-29,2023-12-29,1300.0,puts,1839.42,49.66434,53.343180000000004,51.50376,53.0,1894.0,50.015,0,ETH
ETH-29DEC23-1400-C,2022-12-29,2023-12-29,1400.0,calls,1839.42,510.43905000000007,531.5923799999999,521.015715,0.0,308.0,47.265,0,ETH
ETH-29DEC23-1400-P,2022-12-29,2023-12-29,1400.0,puts,1839.42,64.37970000000001,69.89796,67.13883000000001,81.0,1421.0,47.32,0,ETH
ETH-29DEC23-1500-C,2023-1-4,2023-12-29,1500.0,calls,1839.42,432.2637,455.25645000000003,443.76007500000003,0.0,884.0,45.305,0,ETH
ETH-29DEC23-1500-P,2023-1-4,2023-12-29,1500.0,puts,1839.42,86.45274,91.05129000000001,88.752015,65.0,8083.0,45.31,0,ETH
ETH-29DEC23-1600-C,2022-12-29,2023-12-29,1600.0,calls,1839.42,332.93502,410.19066000000004,371.56284000000005,0.0,3009.0,43.285,0,ETH
ETH-29DEC23-1600-P,2022-12-29,2023-12-29,1600.0,puts,1839.42,114.04404000000001,118.64259000000001,116.343315,1055.0,10728.0,43.61,0,ETH
ETH-29DEC23-1700-C,2023-1-13,2023-12-29,1700.0,calls,1839.42,279.59184,350.40951,315.00067500000006,0.0,862.0,43.6,0,ETH
ETH-29DEC23-1700-P,2023-1-13,2023-12-29,1700.0,puts,1839.42,148.99302,153.59157000000002,151.29229500000002,20.0,5322.0,42.29,0,ETH
ETH-29DEC23-1800-C,2023-1-9,2023-12-29,1800.0,calls,1839.42,252.00054000000003,261.19764,256.59909000000005,7.0,3866.0,42.11,0,ETH
ETH-29DEC23-1800-P,2023-1-9,2023-12-29,1800.0,puts,1839.42,193.1391,202.33620000000002,197.73765,390.0,2198.0,41.965,0,ETH
ETH-29DEC23-1900-C,2023-1-20,2023-12-29,1900.0,calls,1839.42,206.01504,214.29243000000002,210.153735,159.0,17179.0,41.64,0,ETH
ETH-29DEC23-1900-P,2023-1-20,2023-12-29,1900.0,puts,1839.42,240.96402000000003,258.43851,249.70126500000003,0.0,2974.0,41.4,0,ETH
ETH-29DEC23-2000-C,2022-12-29,2023-12-29,2000.0,calls,1839.42,169.22664,175.66461,172.445625,0.0,14150.0,41.599999999999994,0,ETH
ETH-29DEC23-2000-P,2022-12-29,2023-12-29,2000.0,puts,1839.42,277.75242000000003,318.21966,297.98603999999995,30.0,1832.0,38.97,0,ETH
ETH-29DEC23-2100-C,2023-3-18,2023-12-29,2100.0,calls,1839.42,138.87621000000001,145.31418,142.09519500000002,0.0,3186.0,41.834999999999994,0,ETH
ETH-29DEC23-2100-P,2023-3-18,2023-12-29,2100.0,puts,1839.42,336.61386,423.98631000000006,380.30008499999997,5.0,524.0,41.61,0,ETH
ETH-29DEC23-2200-C,2023-1-17,2023-12-29,2200.0,calls,1839.42,114.96375,121.40172000000001,118.18273500000001,70.0,13338.0,42.33,0,ETH
ETH-29DEC23-2200-P,2023-1-17,2023-12-29,2200.0,puts,1839.42,444.21993,467.21268000000003,455.71630500000003,0.0,192.0,42.26,0,ETH
ETH-29DEC23-2300-C,2023-4-13,2023-12-29,2300.0,calls,1839.42,96.56955,102.08781,99.32868,40.0,37441.0,43.0,0,ETH
ETH-29DEC23-2300-P,2023-4-13,2023-12-29,2300.0,puts,1839.42,516.87702,547.22745,532.052235,0.0,139.0,42.1,0,ETH
ETH-29DEC23-2400-C,2023-3-14,2023-12-29,2400.0,calls,1839.42,82.7739,86.45274,84.61332,32.0,15316.0,43.845,0,ETH
ETH-29DEC23-2400-P,2023-3-14,2023-12-29,2400.0,puts,1839.42,609.76773,632.76048,621.264105,0.0,40.0,44.0,0,ETH
ETH-29DEC23-2500-C,2022-12-29,2023-12-29,2500.0,calls,1839.42,70.81767,74.49651,72.65709,367.0,30249.0,44.695,0,ETH
ETH-29DEC23-2500-P,2022-12-29,2023-12-29,2500.0,puts,1839.42,697.14018,720.1329300000001,708.636555,0.0,137.0,44.94,0,ETH
ETH-29DEC23-2600-C,2023-4-13,2023-12-29,2600.0,calls,1839.42,61.62057000000001,65.29941,63.459990000000005,35.0,15382.0,45.715,0,ETH
ETH-29DEC23-2600-P,2023-4-13,2023-12-29,2600.0,puts,1839.42,786.35205,809.3448000000001,797.848425,0.0,75.0,45.81999999999999,0,ETH
ETH-29DEC23-2800-C,2023-4-14,2023-12-29,2800.0,calls,1839.42,49.66434,52.42347,51.043905,38.0,1463.0,48.135000000000005,0,ETH
ETH-29DEC23-2800-P,2023-4-14,2023-12-29,2800.0,puts,1839.42,971.2137600000001,994.20651,982.710135,0.0,1.0,48.015,0,ETH
ETH-29DEC23-3000-C,2022-12-29,2023-12-29,3000.0,calls,1839.42,39.54753,43.22637,41.38695,29.0,25395.0,50.155,0,ETH
ETH-29DEC23-3000-P,2022-12-29,2023-12-29,3000.0,puts,1839.42,1158.8346000000001,1182.7470600000001,1170.7908300000001,0.0,159.0,49.875,0,ETH
ETH-29DEC23-3500-C,2022-12-29,2023-12-29,3500.0,calls,1839.42,26.671590000000002,29.43072,28.051155,250.0,11746.0,55.305,0,ETH
ETH-29DEC23-4000-C,2022-12-29,2023-12-29,4000.0,calls,1839.42,20.23362,22.99275,21.613185,0.0,19094.0,60.19,0,ETH
ETH-29DEC23-4500-C,2023-1-4,2023-12-29,4500.0,calls,1839.42,14.71536,18.3942,16.55478,649.0,18221.0,63.72,0,ETH
ETH-29DEC23-5000-C,2023-1-12,2023-12-29,5000.0,calls,1839.42,11.95623,15.635070000000002,13.79565,0.0,6720.0,67.30000000000001,0,ETH
ETH-29DEC23-5500-C,2023-1-14,2023-12-29,5500.0,calls,1839.42,9.1971,12.87594,11.036520000000001,0.0,8312.0,69.74000000000001,0,ETH
ETH-29DEC23-6000-C,2023-3-18,2023-12-29,6000.0,calls,1839.42,8.27739,11.95623,10.11681,0.0,5530.0,73.1,0,ETH
ETH-29DEC23-6500-C,2023-4-14,2023-12-29,6500.0,calls,1839.42,6.43797,9.1971,7.817535000000001,0.0,882.0,74.285,0,ETH
ETH-29MAR24-200-C,2023-3-30,2024-3-29,200.0,calls,1839.42,1632.48525,1655.478,1643.9816250000001,0.0,0.0,73.205,0,ETH
ETH-29MAR24-400-C,2023-3-30,2024-3-29,400.0,calls,1839.42,1439.34615,1462.3389000000002,1450.8425250000003,0.0,0.0,52.25,0,ETH
ETH-29MAR24-400-P,2023-3-30,2024-3-29,400.0,puts,1839.42,3.67884,5.518260000000001,4.59855,0.0,339.0,83.97,0,ETH
ETH-29MAR24-600-C,2023-3-30,2024-3-29,600.0,calls,1839.42,1248.9661800000001,1271.95893,1260.462555,0.0,0.0,41.905,0,ETH
ETH-29MAR24-600-P,2023-3-30,2024-3-29,600.0,puts,1839.42,9.1971,14.71536,11.956230000000001,0.0,479.0,74.01,0,ETH
ETH-29MAR24-800-C,2023-3-30,2024-3-29,800.0,calls,1839.42,1062.26505,1085.2578,1073.761425,0.0,0.0,61.53,0,ETH
ETH-29MAR24-800-P,2023-3-30,2024-3-29,800.0,puts,1839.42,16.55478,24.83217,20.693475,0.0,347.0,63.945,0,ETH
ETH-29MAR24-1000-C,2023-3-30,2024-3-29,1000.0,calls,1839.42,881.08218,904.07493,892.5785549999999,0.0,10.0,55.94,0,ETH
ETH-29MAR24-1000-P,2023-3-30,2024-3-29,1000.0,puts,1839.42,32.18985000000001,36.7884,34.48912500000001,3.0,1123.0,56.405,0,ETH
ETH-29MAR24-1200-C,2023-3-30,2024-3-29,1200.0,calls,1839.42,709.09641,732.0891600000001,720.5927850000002,53.0,34.0,51.004999999999995,0,ETH
ETH-29MAR24-1200-P,2023-3-30,2024-3-29,1200.0,puts,1839.42,56.10231,62.54028000000001,59.321295000000006,0.0,622.0,51.35,0,ETH
ETH-29MAR24-1400-C,2023-3-30,2024-3-29,1400.0,calls,1839.42,551.826,574.81875,563.3223750000001,0.0,11.0,47.269999999999996,0,ETH
ETH-29MAR24-1400-P,2023-3-30,2024-3-29,1400.0,puts,1839.42,93.81042,102.08781,97.949115,30.0,423.0,47.400000000000006,0,ETH
ETH-29MAR24-1500-C,2023-3-30,2024-3-29,1500.0,calls,1839.42,481.00833000000006,504.00108000000006,492.5047050000001,0.0,0.0,45.925,0,ETH
ETH-29MAR24-1500-P,2023-3-30,2024-3-29,1500.0,puts,1839.42,120.48201000000002,129.67910999999998,125.08056000000002,590.0,2071.0,45.995000000000005,0,ETH
ETH-29MAR24-1600-P,2023-3-30,2024-3-29,1600.0,puts,1839.42,154.51128000000003,163.70838,159.10983,38.0,473.0,45.055,0,ETH
ETH-29MAR24-1700-P,2023-3-30,2024-3-29,1700.0,puts,1839.42,194.05881,205.09533000000002,199.57707000000002,25.0,336.0,44.355000000000004,0,ETH
ETH-29MAR24-1800-C,2023-3-30,2024-3-29,1800.0,calls,1839.42,311.78169,326.49705,319.13937,0.0,396.0,43.745,0,ETH
ETH-29MAR24-1800-P,2023-3-30,2024-3-29,1800.0,puts,1839.42,240.96402000000003,252.92025000000004,246.94213500000004,128.0,971.0,43.925,0,ETH
ETH-29MAR24-1900-C,2023-3-30,2024-3-29,1900.0,calls,1839.42,267.63561,282.35097,274.99329,21.0,1232.0,43.53,0,ETH
ETH-29MAR24-1900-P,2023-3-30,2024-3-29,1900.0,puts,1839.42,293.38749,308.10285000000005,300.74517000000003,1.0,1082.0,43.68,0,ETH
ETH-29MAR24-2000-C,2023-3-30,2024-3-29,2000.0,calls,1839.42,229.9275,243.72315000000003,236.82532500000002,1.0,715.0,43.445,0,ETH
ETH-29MAR24-2000-P,2023-3-30,2024-3-29,2000.0,puts,1839.42,318.21966,407.43153,362.82559499999996,40.0,563.0,43.93,0,ETH
ETH-29MAR24-2100-C,2023-3-30,2024-3-29,2100.0,calls,1839.42,198.65736,211.53330000000003,205.09533000000002,7.0,1209.0,43.629999999999995,0,ETH
ETH-29MAR24-2100-P,2023-3-30,2024-3-29,2100.0,puts,1839.42,225.32895,546.30774,385.818345,0.0,169.0,35.15,0,ETH
ETH-29MAR24-2200-C,2023-3-30,2024-3-29,2200.0,calls,1839.42,171.98577,183.942,177.963885,1.0,2630.0,43.885000000000005,0,ETH
ETH-29MAR24-2300-C,2023-4-11,2024-3-29,2300.0,calls,1839.42,149.91273,160.94925,155.43098999999998,505.0,56841.0,44.28,0,ETH
ETH-29MAR24-2300-P,2023-4-11,2024-3-29,2300.0,puts,1839.42,562.86252,585.85527,574.3588950000001,0.0,21.0,44.54,0,ETH
ETH-29MAR24-2400-C,2023-3-30,2024-3-29,2400.0,calls,1839.42,131.51853,142.55505,137.03679,0.0,5206.0,44.83,0,ETH
ETH-29MAR24-2400-P,2023-3-30,2024-3-29,2400.0,puts,1839.42,641.95758,664.95033,653.453955,0.0,9.0,44.995000000000005,0,ETH
ETH-29MAR24-2500-C,2023-3-30,2024-3-29,2500.0,calls,1839.42,116.80317000000001,127.83969000000002,122.32143,0.0,3552.0,45.565,0,ETH
ETH-29MAR24-2500-P,2023-3-30,2024-3-29,2500.0,puts,1839.42,724.73148,747.72423,736.227855,0.0,147.0,45.629999999999995,0,ETH
ETH-29MAR24-2600-C,2023-4-4,2024-3-29,2600.0,calls,1839.42,103.92723000000001,114.04404000000001,108.985635,0.0,1776.0,46.165,0,ETH
ETH-29MAR24-2800-C,2023-4-14,2024-3-29,2800.0,calls,1839.42,84.61332,93.81042,89.21187,0.0,2092.0,47.665,0,ETH
ETH-29MAR24-3000-C,2023-3-30,2024-3-29,3000.0,calls,1839.42,69.89796,79.09506,74.49650999999999,15.0,7647.0,49.135000000000005,0,ETH
ETH-29MAR24-3500-C,2023-3-30,2024-3-29,3500.0,calls,1839.42,49.66434,56.10231,52.883325,0.0,7900.0,53.15,0,ETH
ETH-29MAR24-3500-P,2023-3-30,2024-3-29,3500.0,puts,1839.42,1470.61629,1828.38348,1649.499885,0.0,560.0,44.09,0,ETH
ETH-29MAR24-4000-C,2023-3-30,2024-3-29,4000.0,calls,1839.42,37.708110000000005,44.146080000000005,40.927095,0.0,1516.0,56.85,0,ETH
ETH-29MAR24-4500-C,2023-3-30,2024-3-29,4500.0,calls,1839.42,30.350430000000003,35.86869,33.10956,0.0,5088.0,60.055,0,ETH
ETH-29MAR24-5000-C,2023-3-30,2024-3-29,5000.0,calls,1839.42,25.75188,29.43072,27.5913,55.0,6341.0,62.855,0,ETH
ETH-29MAR24-5500-C,2023-3-30,2024-3-29,5500.0,calls,1839.42,21.15333,26.671590000000002,23.912460000000003,0.0,1466.0,65.475,0,ETH
ETH-29MAR24-6000-C,2023-3-30,2024-3-29,6000.0,calls,1839.42,18.3942,23.91246,21.15333,0.0,1566.0,67.875,0,ETH
ETH-29MAR24-6500-C,2023-3-30,2024-3-29,6500.0,calls,1839.42,16.55478,21.15333,18.854055,0.0,1695.0,69.995,0,ETH
ETH-29MAR24-7000-C,2023-4-13,2024-3-29,7000.0,calls,1839.42,14.71536,19.313910000000003,17.014635000000002,0.0,407.0,71.925,0,ETH
ETH-29MAR24-7500-C,2023-4-14,2024-3-29,7500.0,calls,1839.42,12.87594,17.47449,15.175215000000001,0.0,504.0,73.46000000000001,0,ETH
